<appDefinition>
   <id>dashboard</id>
   <version>1</version>
   <name>Employee Portal</name>
   <dateCreated class="java.sql.Timestamp">2015-05-19 23:15:23.0 GMT</dateCreated>
   <dateModified class="java.sql.Timestamp">2015-05-20 07:15:23.0 GMT</dateModified>
   <packageDefinitionList>
      <packageDefinition>
         <appId>dashboard</appId>
         <id>dashboard</id>
         <version>1</version>
         <name>Employee Portal</name>
         <dateCreated class="java.sql.Timestamp">2015-05-19 23:15:23.0 GMT</dateCreated>
         <dateModified class="java.sql.Timestamp">2015-05-20 07:27:34.0 GMT</dateModified>
         <packageActivityFormMap>
            <entry>
               <string>process1::runProcess</string>
               <packageActivityForm>
                  <processDefId>process1</processDefId>
                  <activityDefId>runProcess</activityDefId>
                  <formId>user_registration</formId>
                  <type>SINGLE</type>
                  <autoContinue>true</autoContinue>
                  <!--disableSaveAsDraft>false</disableSaveAsDraft-->
               </packageActivityForm>
            </entry>
            <entry>
               <string>process1::activity2</string>
               <packageActivityForm>
                  <processDefId>process1</processDefId>
                  <activityDefId>activity2</activityDefId>
                  <formId>user_creation</formId>
                  <type>SINGLE</type>
                  <autoContinue>true</autoContinue>
                  <!--disableSaveAsDraft>false</disableSaveAsDraft-->
               </packageActivityForm>
            </entry>
            <entry>
               <string>process1::activity1</string>
               <packageActivityForm>
                  <processDefId>process1</processDefId>
                  <activityDefId>activity1</activityDefId>
                  <formId>user_approval</formId>
                  <type>SINGLE</type>
                  <autoContinue>true</autoContinue>
                  <!--disableSaveAsDraft>false</disableSaveAsDraft-->
               </packageActivityForm>
            </entry>
         </packageActivityFormMap>
         <packageActivityPluginMap>
            <entry>
               <string>process1::tool2</string>
               <packageActivityPlugin>
                  <processDefId>process1</processDefId>
                  <activityDefId>tool2</activityDefId>
                  <pluginName>org.joget.apps.app.lib.EmailTool</pluginName>
                  <pluginProperties>{&quot;host&quot;:&quot;&quot;,&quot;port&quot;:&quot;&quot;,&quot;needAuthentication&quot;:&quot;&quot;,&quot;username&quot;:&quot;&quot;,&quot;password&quot;:&quot;&quot;,&quot;from&quot;:&quot;&quot;,&quot;toSpecific&quot;:&quot;#form.user_registration.email#&quot;,&quot;toParticipantId&quot;:&quot;&quot;,&quot;cc&quot;:&quot;&quot;,&quot;subject&quot;:&quot;User Registration Rejected: #form.user_registration.username#&quot;,&quot;message&quot;:&quot;This is to inform you that the user registration for \&quot;#form.user_registration.username#\&quot; has been rejected.\n\nThis is a system generated message.\n&quot;}</pluginProperties>
               </packageActivityPlugin>
            </entry>
            <entry>
               <string>process1::tool3</string>
               <packageActivityPlugin>
                  <processDefId>process1</processDefId>
                  <activityDefId>tool3</activityDefId>
                  <pluginName>org.joget.apps.app.lib.EmailTool</pluginName>
                  <pluginProperties>{&quot;host&quot;:&quot;&quot;,&quot;port&quot;:&quot;&quot;,&quot;needAuthentication&quot;:&quot;&quot;,&quot;username&quot;:&quot;&quot;,&quot;password&quot;:&quot;&quot;,&quot;from&quot;:&quot;&quot;,&quot;toSpecific&quot;:&quot;#form.user_registration.email#&quot;,&quot;toParticipantId&quot;:&quot;&quot;,&quot;cc&quot;:&quot;&quot;,&quot;subject&quot;:&quot;User Registration Approved: #form.user_registration.username#&quot;,&quot;message&quot;:&quot;This is to inform you that the user registration for \&quot;#form.user_registration.username#\&quot; has been approved. \n\nLogin Details\n=============\nUsername: #form.user_registration.username#\nPassword: #form.user_registration.password#\n\nThis is a system generated message.&quot;}</pluginProperties>
               </packageActivityPlugin>
            </entry>
         </packageActivityPluginMap>
         <packageParticipantMap>
            <entry>
               <string>process1::approver</string>
               <packageParticipant>
                  <processDefId>process1</processDefId>
                  <participantId>approver</participantId>
                  <type>user</type>
                  <value>admin</value>
               </packageParticipant>
            </entry>
         </packageParticipantMap>
      </packageDefinition>
   </packageDefinitionList>
  <formDefinitionList>
      <formDefinition>
         <id>user_approval</id>
         <appId>dashboard</appId>
         <appVersion>1</appVersion>
         <name>User Approval Form</name>
         <tableName>user_registration</tableName>
         <json>{&quot;className&quot;:&quot;org.joget.apps.form.model.Form&quot;,&quot;properties&quot;:{&quot;id&quot;:&quot;user_approval&quot;,&quot;loadBinder&quot;:{&quot;className&quot;:&quot;org.joget.apps.form.lib.WorkflowFormBinder&quot;},&quot;tableName&quot;:&quot;user_registration&quot;,&quot;name&quot;:&quot;User Approval Form&quot;,&quot;storeBinder&quot;:{&quot;className&quot;:&quot;org.joget.apps.form.lib.WorkflowFormBinder&quot;},&quot;elementUniqueKey&quot;:&quot;493&quot;},&quot;elements&quot;:[{&quot;elements&quot;:[{&quot;elements&quot;:[{&quot;className&quot;:&quot;org.joget.apps.form.lib.SubForm&quot;,&quot;properties&quot;:{&quot;id&quot;:&quot;registration&quot;,&quot;readonlyLabel&quot;:&quot;&quot;,&quot;formDefId&quot;:&quot;user_registration&quot;,&quot;loadBinder&quot;:{&quot;className&quot;:&quot;org.joget.apps.form.lib.WorkflowFormBinder&quot;,&quot;properties&quot;:&quot;{}&quot;},&quot;subFormParentId&quot;:&quot;&quot;,&quot;storeBinder&quot;:{&quot;className&quot;:&quot;org.joget.apps.form.lib.WorkflowFormBinder&quot;,&quot;properties&quot;:&quot;{}&quot;},&quot;label&quot;:&quot;&quot;,&quot;parentSubFormId&quot;:&quot;&quot;,&quot;readonly&quot;:&quot;true&quot;,&quot;elementUniqueKey&quot;:&quot;551&quot;}}],&quot;className&quot;:&quot;org.joget.apps.form.model.Column&quot;,&quot;properties&quot;:{&quot;width&quot;:&quot;99%&quot;,&quot;elementUniqueKey&quot;:&quot;498&quot;}}],&quot;className&quot;:&quot;org.joget.apps.form.model.Section&quot;,&quot;properties&quot;:{&quot;id&quot;:&quot;section1&quot;,&quot;loadBinder&quot;:{&quot;className&quot;:&quot;&quot;,&quot;properties&quot;:&quot;{}&quot;},&quot;visibilityControl&quot;:&quot;&quot;,&quot;regex&quot;:&quot;&quot;,&quot;visibilityValue&quot;:&quot;&quot;,&quot;storeBinder&quot;:{&quot;className&quot;:&quot;&quot;,&quot;properties&quot;:&quot;{}&quot;},&quot;label&quot;:&quot;&quot;,&quot;elementUniqueKey&quot;:&quot;494&quot;}},{&quot;elements&quot;:[{&quot;elements&quot;:[{&quot;className&quot;:&quot;org.joget.apps.form.lib.SelectBox&quot;,&quot;properties&quot;:{&quot;readonlyLabel&quot;:&quot;&quot;,&quot;validator&quot;:{&quot;className&quot;:&quot;org.joget.apps.form.lib.DefaultValidator&quot;,&quot;properties&quot;:{&quot;message&quot;:&quot;&quot;,&quot;mandatory&quot;:&quot;true&quot;,&quot;custom-regex&quot;:&quot;&quot;,&quot;type&quot;:&quot;&quot;}},&quot;controlField&quot;:&quot;&quot;,&quot;label&quot;:&quot;Status&quot;,&quot;size&quot;:&quot;&quot;,&quot;id&quot;:&quot;status&quot;,&quot;workflowVariable&quot;:&quot;status&quot;,&quot;optionsBinder&quot;:{&quot;className&quot;:&quot;&quot;,&quot;properties&quot;:&quot;{}&quot;},&quot;value&quot;:&quot;&quot;,&quot;readonly&quot;:&quot;&quot;,&quot;multiple&quot;:&quot;&quot;,&quot;options&quot;:[{&quot;grouping&quot;:&quot;&quot;,&quot;value&quot;:&quot;approved&quot;,&quot;label&quot;:&quot;Approved&quot;},{&quot;grouping&quot;:&quot;&quot;,&quot;value&quot;:&quot;rejected&quot;,&quot;label&quot;:&quot;Rejected&quot;}],&quot;elementUniqueKey&quot;:&quot;510&quot;}},{&quot;className&quot;:&quot;org.joget.apps.form.lib.TextArea&quot;,&quot;properties&quot;:{&quot;id&quot;:&quot;comments&quot;,&quot;cols&quot;:&quot;20&quot;,&quot;readonlyLabel&quot;:&quot;&quot;,&quot;workflowVariable&quot;:&quot;&quot;,&quot;validator&quot;:{&quot;className&quot;:&quot;&quot;,&quot;properties&quot;:&quot;{}&quot;},&quot;value&quot;:&quot;&quot;,&quot;label&quot;:&quot;Comments&quot;,&quot;readonly&quot;:&quot;&quot;,&quot;elementUniqueKey&quot;:&quot;511&quot;,&quot;rows&quot;:&quot;5&quot;}}],&quot;className&quot;:&quot;org.joget.apps.form.model.Column&quot;,&quot;properties&quot;:{&quot;width&quot;:&quot;99%&quot;,&quot;elementUniqueKey&quot;:&quot;507&quot;}}],&quot;className&quot;:&quot;org.joget.apps.form.model.Section&quot;,&quot;properties&quot;:{&quot;id&quot;:&quot;section2&quot;,&quot;loadBinder&quot;:{&quot;className&quot;:&quot;&quot;,&quot;properties&quot;:&quot;{}&quot;},&quot;visibilityControl&quot;:&quot;&quot;,&quot;regex&quot;:&quot;&quot;,&quot;visibilityValue&quot;:&quot;&quot;,&quot;storeBinder&quot;:{&quot;className&quot;:&quot;&quot;,&quot;properties&quot;:&quot;{}&quot;},&quot;label&quot;:&quot;Approval Section&quot;,&quot;elementUniqueKey&quot;:&quot;501&quot;}}]}</json>
         <dateCreated class="java.sql.Timestamp">2015-05-19 23:15:23.0 GMT</dateCreated>
         <dateModified class="java.sql.Timestamp">2015-05-19 23:15:23.0 GMT</dateModified>
      </formDefinition>
      <formDefinition>
         <id>user_creation</id>
         <appId>dashboard</appId>
         <appVersion>1</appVersion>
         <name>User Creation Form</name>
         <tableName>user_registration</tableName>
         <json>{&quot;className&quot;:&quot;org.joget.apps.form.model.Form&quot;,&quot;properties&quot;:{&quot;id&quot;:&quot;user_creation&quot;,&quot;loadBinder&quot;:{&quot;className&quot;:&quot;org.joget.apps.form.lib.WorkflowFormBinder&quot;},&quot;tableName&quot;:&quot;user_registration&quot;,&quot;name&quot;:&quot;User Creation Form&quot;,&quot;storeBinder&quot;:{&quot;className&quot;:&quot;org.joget.apps.form.lib.WorkflowFormBinder&quot;},&quot;elementUniqueKey&quot;:&quot;611&quot;},&quot;elements&quot;:[{&quot;elements&quot;:[{&quot;elements&quot;:[{&quot;className&quot;:&quot;org.joget.apps.form.lib.CustomHTML&quot;,&quot;properties&quot;:{&quot;id&quot;:&quot;field2&quot;,&quot;validator&quot;:{&quot;className&quot;:&quot;&quot;,&quot;properties&quot;:&quot;{}&quot;},&quot;value&quot;:&quot;User registration approved, please verify the user and login details below, and click on &lt;b&gt;Complete&lt;\/b&gt; to finish the user registration process.&quot;,&quot;label&quot;:&quot;&quot;,&quot;elementUniqueKey&quot;:&quot;1859&quot;}},{&quot;className&quot;:&quot;org.joget.apps.form.lib.SubForm&quot;,&quot;properties&quot;:{&quot;id&quot;:&quot;field1&quot;,&quot;readonlyLabel&quot;:&quot;&quot;,&quot;formDefId&quot;:&quot;user_registration&quot;,&quot;loadBinder&quot;:{&quot;className&quot;:&quot;org.joget.apps.form.lib.WorkflowFormBinder&quot;,&quot;properties&quot;:&quot;{}&quot;},&quot;subFormParentId&quot;:&quot;&quot;,&quot;storeBinder&quot;:{&quot;className&quot;:&quot;org.joget.plugin.enterprise.DirectoryUserFormBinder&quot;,&quot;properties&quot;:&quot;{}&quot;},&quot;label&quot;:&quot;&quot;,&quot;parentSubFormId&quot;:&quot;&quot;,&quot;readonly&quot;:&quot;&quot;,&quot;elementUniqueKey&quot;:&quot;1312&quot;}}],&quot;className&quot;:&quot;org.joget.apps.form.model.Column&quot;,&quot;properties&quot;:{&quot;width&quot;:&quot;99%&quot;}}],&quot;className&quot;:&quot;org.joget.apps.form.model.Section&quot;,&quot;properties&quot;:{&quot;id&quot;:&quot;section1&quot;,&quot;label&quot;:&quot;Confirmation&quot;,&quot;loadBinder&quot;:{&quot;className&quot;:&quot;&quot;,&quot;properties&quot;:{}},&quot;storeBinder&quot;:{&quot;className&quot;:&quot;&quot;,&quot;properties&quot;:{}},&quot;visibilityControl&quot;:&quot;&quot;,&quot;visibilityValue&quot;:&quot;&quot;,&quot;regex&quot;:&quot;&quot;}}]}</json>
         <dateCreated class="java.sql.Timestamp">2015-05-19 23:15:23.0 GMT</dateCreated>
         <dateModified class="java.sql.Timestamp">2015-05-19 23:15:23.0 GMT</dateModified>
      </formDefinition>
      <formDefinition>
         <id>user_registration</id>
         <appId>dashboard</appId>
         <appVersion>1</appVersion>
         <name>User Registration Form</name>
         <tableName>user_registration</tableName>
         <json>{&quot;className&quot;:&quot;org.joget.apps.form.model.Form&quot;,&quot;properties&quot;:{&quot;id&quot;:&quot;user_registration&quot;,&quot;loadBinder&quot;:{&quot;className&quot;:&quot;org.joget.apps.form.lib.WorkflowFormBinder&quot;},&quot;tableName&quot;:&quot;user_registration&quot;,&quot;name&quot;:&quot;User Registration Form&quot;,&quot;storeBinder&quot;:{&quot;className&quot;:&quot;org.joget.apps.form.lib.WorkflowFormBinder&quot;},&quot;elementUniqueKey&quot;:&quot;129&quot;},&quot;elements&quot;:[{&quot;elements&quot;:[{&quot;elements&quot;:[{&quot;className&quot;:&quot;org.joget.apps.form.lib.TextField&quot;,&quot;properties&quot;:{&quot;id&quot;:&quot;firstName&quot;,&quot;readonlyLabel&quot;:&quot;&quot;,&quot;workflowVariable&quot;:&quot;&quot;,&quot;maxlength&quot;:&quot;&quot;,&quot;validator&quot;:{&quot;className&quot;:&quot;org.joget.apps.form.lib.DefaultValidator&quot;,&quot;properties&quot;:{&quot;message&quot;:&quot;&quot;,&quot;mandatory&quot;:&quot;true&quot;,&quot;custom-regex&quot;:&quot;&quot;,&quot;type&quot;:&quot;&quot;}},&quot;value&quot;:&quot;&quot;,&quot;label&quot;:&quot;First Name&quot;,&quot;readonly&quot;:&quot;&quot;,&quot;elementUniqueKey&quot;:&quot;142&quot;,&quot;size&quot;:&quot;&quot;}},{&quot;className&quot;:&quot;org.joget.apps.form.lib.TextField&quot;,&quot;properties&quot;:{&quot;id&quot;:&quot;lastName&quot;,&quot;readonlyLabel&quot;:&quot;&quot;,&quot;workflowVariable&quot;:&quot;&quot;,&quot;maxlength&quot;:&quot;&quot;,&quot;validator&quot;:{&quot;className&quot;:&quot;&quot;,&quot;properties&quot;:&quot;{}&quot;},&quot;value&quot;:&quot;&quot;,&quot;label&quot;:&quot;Last Name&quot;,&quot;readonly&quot;:&quot;&quot;,&quot;elementUniqueKey&quot;:&quot;143&quot;,&quot;size&quot;:&quot;&quot;}},{&quot;className&quot;:&quot;org.joget.apps.form.lib.TextField&quot;,&quot;properties&quot;:{&quot;id&quot;:&quot;email&quot;,&quot;readonlyLabel&quot;:&quot;&quot;,&quot;workflowVariable&quot;:&quot;&quot;,&quot;maxlength&quot;:&quot;&quot;,&quot;validator&quot;:{&quot;className&quot;:&quot;org.joget.apps.form.lib.DefaultValidator&quot;,&quot;properties&quot;:{&quot;message&quot;:&quot;&quot;,&quot;mandatory&quot;:&quot;true&quot;,&quot;custom-regex&quot;:&quot;&quot;,&quot;type&quot;:&quot;email&quot;}},&quot;value&quot;:&quot;&quot;,&quot;label&quot;:&quot;Email&quot;,&quot;readonly&quot;:&quot;&quot;,&quot;elementUniqueKey&quot;:&quot;144&quot;,&quot;size&quot;:&quot;&quot;}}],&quot;className&quot;:&quot;org.joget.apps.form.model.Column&quot;,&quot;properties&quot;:{&quot;width&quot;:&quot;99%&quot;,&quot;elementUniqueKey&quot;:&quot;138&quot;}}],&quot;className&quot;:&quot;org.joget.apps.form.model.Section&quot;,&quot;properties&quot;:{&quot;id&quot;:&quot;section1&quot;,&quot;loadBinder&quot;:{&quot;className&quot;:&quot;&quot;,&quot;properties&quot;:&quot;{}&quot;},&quot;visibilityControl&quot;:&quot;&quot;,&quot;regex&quot;:&quot;&quot;,&quot;visibilityValue&quot;:&quot;&quot;,&quot;storeBinder&quot;:{&quot;className&quot;:&quot;&quot;,&quot;properties&quot;:&quot;{}&quot;},&quot;label&quot;:&quot;User Details&quot;,&quot;elementUniqueKey&quot;:&quot;130&quot;}},{&quot;elements&quot;:[{&quot;elements&quot;:[{&quot;className&quot;:&quot;org.joget.apps.form.lib.TextField&quot;,&quot;properties&quot;:{&quot;id&quot;:&quot;username&quot;,&quot;readonlyLabel&quot;:&quot;&quot;,&quot;workflowVariable&quot;:&quot;username&quot;,&quot;maxlength&quot;:&quot;&quot;,&quot;validator&quot;:{&quot;className&quot;:&quot;org.joget.plugin.enterprise.DirectoryUserExistValidator&quot;,&quot;properties&quot;:{&quot;emptyMsg&quot;:&quot;Invalid username.&quot;,&quot;errorMsg&quot;:&quot;Username already exists&quot;}},&quot;value&quot;:&quot;&quot;,&quot;label&quot;:&quot;Desired Username&quot;,&quot;readonly&quot;:&quot;&quot;,&quot;elementUniqueKey&quot;:&quot;157&quot;,&quot;size&quot;:&quot;&quot;}},{&quot;className&quot;:&quot;org.joget.apps.form.lib.PasswordField&quot;,&quot;properties&quot;:{&quot;id&quot;:&quot;password&quot;,&quot;readonlyLabel&quot;:&quot;&quot;,&quot;maxlength&quot;:&quot;&quot;,&quot;validator&quot;:{&quot;className&quot;:&quot;org.joget.apps.form.lib.DefaultValidator&quot;,&quot;properties&quot;:{&quot;message&quot;:&quot;&quot;,&quot;mandatory&quot;:&quot;true&quot;,&quot;custom-regex&quot;:&quot;&quot;,&quot;type&quot;:&quot;&quot;}},&quot;value&quot;:&quot;&quot;,&quot;label&quot;:&quot;Password&quot;,&quot;readonly&quot;:&quot;&quot;,&quot;elementUniqueKey&quot;:&quot;158&quot;,&quot;size&quot;:&quot;&quot;}},{&quot;className&quot;:&quot;org.joget.apps.form.lib.PasswordField&quot;,&quot;properties&quot;:{&quot;id&quot;:&quot;verify_password&quot;,&quot;readonlyLabel&quot;:&quot;&quot;,&quot;maxlength&quot;:&quot;&quot;,&quot;validator&quot;:{&quot;className&quot;:&quot;org.joget.plugin.enterprise.EqualValueValidator&quot;,&quot;properties&quot;:{&quot;errorMsg&quot;:&quot;Passwords do not match&quot;,&quot;fieldId&quot;:&quot;password&quot;}},&quot;value&quot;:&quot;&quot;,&quot;label&quot;:&quot;Verify Password&quot;,&quot;readonly&quot;:&quot;&quot;,&quot;elementUniqueKey&quot;:&quot;159&quot;,&quot;size&quot;:&quot;&quot;}},{&quot;className&quot;:&quot;org.joget.apps.form.lib.HiddenField&quot;,&quot;properties&quot;:{&quot;id&quot;:&quot;active&quot;,&quot;workflowVariable&quot;:&quot;&quot;,&quot;value&quot;:&quot;1&quot;,&quot;elementUniqueKey&quot;:&quot;160&quot;}},{&quot;className&quot;:&quot;org.joget.apps.form.lib.HiddenField&quot;,&quot;properties&quot;:{&quot;id&quot;:&quot;userRoles&quot;,&quot;workflowVariable&quot;:&quot;&quot;,&quot;value&quot;:&quot;ROLE_USER&quot;,&quot;elementUniqueKey&quot;:&quot;161&quot;}}],&quot;className&quot;:&quot;org.joget.apps.form.model.Column&quot;,&quot;properties&quot;:{&quot;width&quot;:&quot;99%&quot;,&quot;elementUniqueKey&quot;:&quot;153&quot;}}],&quot;className&quot;:&quot;org.joget.apps.form.model.Section&quot;,&quot;properties&quot;:{&quot;id&quot;:&quot;section2&quot;,&quot;loadBinder&quot;:{&quot;className&quot;:&quot;&quot;,&quot;properties&quot;:&quot;{}&quot;},&quot;visibilityControl&quot;:&quot;&quot;,&quot;regex&quot;:&quot;&quot;,&quot;visibilityValue&quot;:&quot;&quot;,&quot;storeBinder&quot;:{&quot;className&quot;:&quot;&quot;,&quot;properties&quot;:&quot;{}&quot;},&quot;label&quot;:&quot;Login Details&quot;,&quot;elementUniqueKey&quot;:&quot;145&quot;}}]}</json>
         <dateCreated class="java.sql.Timestamp">2015-05-19 23:15:23.0 GMT</dateCreated>
         <dateModified class="java.sql.Timestamp">2015-05-19 23:15:23.0 GMT</dateModified>
      </formDefinition>
  </formDefinitionList>
   <userviewDefinitionList>
      <userviewDefinition>
         <id>home</id>
         <appId>dashboard</appId>
         <appVersion>1</appVersion>
         <name>Employee Services Portal</name>
         <description>Center for Employee Self Service</description>
         <json>{&quot;className&quot;:&quot;org.joget.apps.userview.model.Userview&quot;,&quot;properties&quot;:{&quot;id&quot;:&quot;home&quot;,&quot;name&quot;:&quot;Employee Services Portal&quot;,&quot;description&quot;:&quot;Center for Employee Self Service&quot;,&quot;welcomeMessage&quot;:&quot;#date.EEE, d MMM yyyy#&quot;,&quot;logoutText&quot;:&quot;Logout&quot;,&quot;footerMessage&quot;:&quot;Powered by Joget&quot;},&quot;setting&quot;:{&quot;properties&quot;:{&quot;theme&quot;:{&quot;className&quot;:&quot;org.joget.plugin.enterprise.CorporatiTheme&quot;,&quot;properties&quot;:{&quot;colorScheme&quot;:&quot;silver&quot;,&quot;cssUrl&quot;:&quot;\/home\/landing\/css\/landing.css&quot;,&quot;css&quot;:&quot;&quot;,&quot;js&quot;:&quot;&quot;,&quot;customHeader&quot;:&quot;&quot;,&quot;customBanner&quot;:&quot;&quot;}},&quot;permission&quot;:{&quot;className&quot;:&quot;&quot;,&quot;properties&quot;:{}},&quot;loginPageTop&quot;:&quot;&quot;,&quot;loginPageBottom&quot;:&quot;&quot;}},&quot;categories&quot;:[{&quot;className&quot;:&quot;org.joget.apps.userview.model.UserviewCategory&quot;,&quot;properties&quot;:{&quot;id&quot;:&quot;category-F67068B033654C1D83A7E5A2D0567C37&quot;,&quot;label&quot;:&quot;Home&quot;},&quot;menus&quot;:[{&quot;className&quot;:&quot;org.joget.apps.userview.lib.HtmlPage&quot;,&quot;properties&quot;:{&quot;id&quot;:&quot;6A8979EEB21941BC80C87BB54D329BF8&quot;,&quot;customId&quot;:&quot;welcome&quot;,&quot;label&quot;:&quot;Welcome&quot;,&quot;content&quot;:&quot;&lt;div id=\&quot;landing\&quot;&gt;\n&lt;div id=\&quot;landing-title\&quot;&gt;Welcome to the Employee Services Portal&lt;\/div&gt;\n&lt;div id=\&quot;container\&quot;&gt;\n&lt;div id=\&quot;slides\&quot;&gt;\n&lt;div class=\&quot;slides_container\&quot;&gt;&lt;img src=\&quot;\/jw\/home\/landing\/images\/slider_01.png\&quot; alt=\&quot;Slide 1\&quot; width=\&quot;639\&quot; height=\&quot;296\&quot; \/&gt; &lt;img src=\&quot;\/jw\/home\/landing\/images\/slider_02.png\&quot; alt=\&quot;Slide 2\&quot; width=\&quot;639\&quot; height=\&quot;296\&quot; \/&gt; &lt;img src=\&quot;\/jw\/home\/landing\/images\/slider_03.png\&quot; alt=\&quot;Slide 3\&quot; width=\&quot;639\&quot; height=\&quot;296\&quot; \/&gt;&lt;\/div&gt;\n&lt;\/div&gt;\n&lt;\/div&gt;\n&lt;script src=\&quot;\/jw\/home\/landing\/js\/jquery.easing.1.3.js\&quot; type=\&quot;text\/javascript\&quot;&gt;&lt;\/script&gt;\n&lt;script src=\&quot;\/jw\/home\/landing\/js\/slides.min.jquery.js\&quot; type=\&quot;text\/javascript\&quot;&gt;&lt;\/script&gt;\n&lt;script src=\&quot;\/jw\/home\/landing\/js\/jquery.simplyscroll.min.js\&quot; type=\&quot;text\/javascript\&quot;&gt;&lt;\/script&gt;\n&lt;script type=\&quot;text\/javascript\&quot;&gt;\/\/ &lt;![CDATA[\n        $(function(){\n            $(&apos;#slides&apos;).slides({\n                preload: true,\n                preloadImage: &apos;images\/loading.gif&apos;,\n                play: 5000,\n                pause: 2500,\n                hoverPause: false\n            });\n        });\n        (function($) {\n            $(function() {\n                $(\&quot;#scroller\&quot;).simplyScroll({\n                    autoMode: &apos;loop&apos;\n                });\n            });\n        })(jQuery);\n\/\/ ]]&gt;&lt;\/script&gt;\n&lt;!--\n&lt;div id=\&quot;landing-splash\&quot;&gt;\n&lt;div id=\&quot;landing-splash-title\&quot;&gt;Amazing Efficiency&lt;\/div&gt;\n&lt;div id=\&quot;landing-splash-subtitle\&quot;&gt;Get things done right with workflow&lt;\/div&gt;\n&amp;nbsp;&lt;\/div&gt;\n--&gt;\n&lt;div id=\&quot;landing-banner\&quot;&gt;Fast, efficient online service for your needs&lt;\/div&gt;\n&lt;div id=\&quot;landing-table\&quot;&gt;\n&lt;div class=\&quot;landing-column\&quot;&gt;\n&lt;div class=\&quot;landing-column-bg\&quot;&gt;\n&lt;h2&gt;Published Apps&lt;\/h2&gt;\n&lt;ul id=\&quot;published-apps\&quot; class=\&quot;landing-ul\&quot;&gt;\n&lt;li&gt;\n&lt;h3&gt;General Services&lt;\/h3&gt;\n&lt;ul class=\&quot;landing-ul2\&quot;&gt;\n&lt;li&gt; &lt;a href=\&quot;#\&quot;&gt; &lt;span class=\&quot;landing-li-title\&quot;&gt;Internal Service Request&lt;\/span&gt; &lt;span class=\&quot;landing-li-description\&quot;&gt;Make and track requests between departments&lt;\/span&gt; &lt;\/a&gt; &lt;\/li&gt;\n&lt;\/ul&gt;\n&lt;\/li&gt;\n&lt;li&gt;\n&lt;h3&gt;HR Apps&lt;\/h3&gt;\n&lt;ul class=\&quot;landing-ul2\&quot;&gt;\n&lt;li&gt; &lt;a href=\&quot;#\&quot;&gt; &lt;span class=\&quot;landing-li-title\&quot;&gt;HR Expenses Claims App&lt;\/span&gt; &lt;span class=\&quot;landing-li-description\&quot;&gt;Request and track expenses&lt;\/span&gt; &lt;\/a&gt; &lt;\/li&gt;\n&lt;\/ul&gt;\n&lt;\/li&gt;\n&lt;li&gt;\n&lt;h3&gt;Purchasing&lt;\/h3&gt;\n&lt;ul class=\&quot;landing-ul2\&quot;&gt;\n&lt;li&gt; &lt;a href=\&quot;#\&quot;&gt; &lt;span class=\&quot;landing-li-title\&quot;&gt;Purchase Requisition App&lt;\/span&gt; &lt;span class=\&quot;landing-li-description\&quot;&gt;Request and track purchases&lt;\/span&gt; &lt;\/a&gt; &lt;\/li&gt;\n&lt;\/ul&gt;\n&lt;\/li&gt;\n&lt;\/ul&gt;\n&lt;\/div&gt;\n&lt;div id=\&quot;my-inbox\&quot;&gt;\n&lt;h2&gt;My Inbox&lt;\/h2&gt;\n&lt;div id=\&quot;inbox1\&quot;&gt;&lt;img src=\&quot;\/jw\/images\/v3\/portlet_loading.gif\&quot; alt=\&quot;\&quot; \/&gt;&lt;\/div&gt;\n&lt;script type=\&quot;text\/javascript\&quot;&gt;\/\/ &lt;![CDATA[\n                    $(document).ready(function(){ $.getScript(&apos;\/jw\/web\/js\/client\/inbox.js?id=1&amp;rows=5&amp;divId=inbox1&apos;,null); });\n\/\/ ]]&gt;&lt;\/script&gt;\n&lt;\/div&gt;\n&lt;\/div&gt;\n&lt;div class=\&quot;landing-column\&quot;&gt;\n&lt;div id=\&quot;landing-col-image\&quot;&gt;&amp;nbsp;&lt;\/div&gt;\n&lt;h2&gt;Announcements&lt;\/h2&gt;\n&lt;ul class=\&quot;landing-ul\&quot;&gt;\n&lt;li&gt;\n&lt;h3&gt;New Services Published&lt;\/h3&gt;\n&lt;ul class=\&quot;landing-ul2\&quot;&gt;\n&lt;li&gt;New services are now available from the published apps on the left.&lt;\/li&gt;\n&lt;li&gt;Make requests, approvals and statuses at your convenience&lt;\/li&gt;\n&lt;\/ul&gt;\n&lt;\/li&gt;\n&lt;\/ul&gt;\n&lt;div id=\&quot;landing-col-image\&quot;&gt;&amp;nbsp;&lt;\/div&gt;\n&lt;h2&gt;Why Use This Portal?&lt;\/h2&gt;\n&lt;ul class=\&quot;landing-ul\&quot;&gt;\n&lt;li&gt;\n&lt;h3&gt;Improve Communications&lt;\/h3&gt;\n&lt;ul class=\&quot;landing-ul2\&quot;&gt;\n&lt;li&gt;Improve communications within the organization&lt;\/li&gt;\n&lt;li&gt;Foster better collaboration and efficiency&lt;\/li&gt;\n&lt;\/ul&gt;\n&lt;\/li&gt;\n&lt;li&gt;\n&lt;h3&gt;Reduce Costs&lt;\/h3&gt;\n&lt;ul class=\&quot;landing-ul2\&quot;&gt;\n&lt;li&gt;Increase productivity&lt;\/li&gt;\n&lt;li&gt;Minimize paperwork and reduce operational costs&lt;\/li&gt;\n&lt;\/ul&gt;\n&lt;\/li&gt;\n&lt;\/ul&gt;\n&lt;div id=\&quot;landing-col-image\&quot;&gt;&amp;nbsp;&lt;\/div&gt;\n&lt;h2&gt;How This Portal Works&lt;\/h2&gt;\n&lt;ul class=\&quot;landing-ul\&quot;&gt;\n&lt;li&gt;\n&lt;h3&gt;Self-Service Apps&lt;\/h3&gt;\n&lt;ul class=\&quot;landing-ul2\&quot;&gt;\n&lt;li&gt;Login using your account&lt;\/li&gt;\n&lt;li&gt;Access the published apps to manage your requests and information&lt;\/li&gt;\n&lt;\/ul&gt;\n&lt;\/li&gt;\n&lt;li&gt;\n&lt;h3&gt;Workflow Inbox and Pending Tasks&lt;\/h3&gt;\n&lt;ul class=\&quot;landing-ul2\&quot;&gt;\n&lt;li&gt;Manage your task inbox&lt;\/li&gt;\n&lt;li&gt;Get notified of pending tasks&lt;\/li&gt;\n&lt;li&gt;Participate in workflow processes&lt;\/li&gt;\n&lt;\/ul&gt;\n&lt;\/li&gt;\n&lt;\/ul&gt;\n&lt;\/div&gt;\n&lt;\/div&gt;\n&lt;\/div&gt;\n&lt;script type=\&quot;text\/javascript\&quot;&gt;\/\/ &lt;![CDATA[\n    function loadApps() {\n        \/\/ show loading icon\n        $(\&quot;#published-apps\&quot;).empty();\n        var loading = $(&apos;&lt;div id=\&quot;apps-loading\&quot;&gt;&lt;img src=\&quot;\/jw\/images\/v3\/portlet_loading.gif\&quot; \/&gt;&lt;\/div&gt;&apos;);\n        $(\&quot;#published-apps\&quot;).append(loading);\n                                    \n        \/\/ load JSON\n        $.ajax({ \n            url : \&quot;\/jw\/web\/json\/apps\/published\/userviews\&quot;,\n            dataType:&apos;jsonp&apos;,\n            success:function(data) {\n                var content = \&quot;\&quot;;\n                var apps = data.apps;\n                for( var i=0; i&lt;apps.length; i++) {\n                    \/\/ add app\n                    var app = apps[i];\n                    content += &apos;&lt;li&gt;&lt;h3&gt;&apos; + app.name + &apos;&lt;\/h3&gt;&lt;ul class=\&quot;landing-ul2\&quot;&gt;&apos;;\n                    \/\/ add userviews\n                    var userviews = apps[i].userviews;\n                    for( var j=0; j&lt;userviews.length; j++){\n                        var uv = userviews[j];\n                        content += &apos;&lt;li&gt;&lt;a target=\&quot;_blank\&quot; href=\&quot;&apos; + uv.url + &apos;\&quot;&gt;\\\n                                                        &lt;span class=\&quot;landing-li-title\&quot;&gt;&apos; + uv.name + &apos;&lt;\/span&gt;\\\n                                                        &lt;\/a&gt;&lt;\/li&gt;&apos;;\n                    }\n                    content += \&quot;&lt;\/ul&gt;\&quot;;\n                }\n\n                \/\/ show apps, hide loading icon\n                $(loading).remove();\n                $(\&quot;#published-apps\&quot;).append($(content));\n            }\n        });\n                                    \n                                    \n    }\n    $(document).ready(loadApps);\n\/\/ ]]&gt;&lt;\/script&gt;&quot;}}]},{&quot;className&quot;:&quot;org.joget.apps.userview.model.UserviewCategory&quot;,&quot;properties&quot;:{&quot;id&quot;:&quot;category-8300FFD168AC4A218781A9810D72F50B&quot;,&quot;label&quot;:&quot;Registration&quot;,&quot;hide&quot;:&quot;&quot;,&quot;permission&quot;:{&quot;className&quot;:&quot;org.joget.plugin.enterprise.AnonymousUserviewPermission&quot;,&quot;properties&quot;:{}}},&quot;menus&quot;:[{&quot;className&quot;:&quot;org.joget.apps.userview.lib.RunProcess&quot;,&quot;properties&quot;:{&quot;id&quot;:&quot;D06EC51AA6B948718E4DAC615D434100&quot;,&quot;customId&quot;:&quot;registration&quot;,&quot;label&quot;:&quot;Register New User&quot;,&quot;processDefId&quot;:&quot;process1&quot;,&quot;runProcessDirectly&quot;:&quot;Yes&quot;,&quot;showInPopupDialog&quot;:&quot;Yes&quot;,&quot;messageShowAfterComplete&quot;:&quot;Thank you for your registration. You will receive a confirmation after approval.\n&quot;,&quot;redirectUrlAfterComplete&quot;:&quot;&quot;,&quot;keyName&quot;:&quot;&quot;}}]},{&quot;className&quot;:&quot;org.joget.apps.userview.model.UserviewCategory&quot;,&quot;properties&quot;:{&quot;id&quot;:&quot;category-1819E98628A94E23BFEDEE83FB1CB521&quot;,&quot;label&quot;:&quot;Inbox and Profile&quot;,&quot;hide&quot;:&quot;&quot;,&quot;permission&quot;:{&quot;className&quot;:&quot;org.joget.apps.userview.lib.LoggedInUserPermission&quot;,&quot;properties&quot;:{}}},&quot;menus&quot;:[{&quot;className&quot;:&quot;org.joget.plugin.enterprise.UniversalInboxMenu&quot;,&quot;properties&quot;:{&quot;id&quot;:&quot;12DD012EDB4F40C3BE20E234E07FB7E8&quot;,&quot;customId&quot;:&quot;myinbox&quot;,&quot;label&quot;:&quot;My Inbox&quot;,&quot;rowCount&quot;:&quot;true&quot;,&quot;buttonPosition&quot;:&quot;bottomLeft&quot;,&quot;list-customHeader&quot;:&quot;&quot;,&quot;list-customFooter&quot;:&quot;&quot;,&quot;assignment-customHeader&quot;:&quot;&quot;,&quot;assignment-customFooter&quot;:&quot;&quot;}},{&quot;className&quot;:&quot;org.joget.plugin.enterprise.UserProfileMenu&quot;,&quot;properties&quot;:{&quot;id&quot;:&quot;BA78D67C07034D6BB9C11C09AF52D8FF&quot;,&quot;customId&quot;:&quot;myprofile&quot;,&quot;label&quot;:&quot;My Profile&quot;,&quot;showInPopupDialog&quot;:&quot;Yes&quot;,&quot;message&quot;:&quot;Profile Updated&quot;,&quot;redirectURL&quot;:&quot;&quot;}}]},{&quot;className&quot;:&quot;org.joget.apps.userview.model.UserviewCategory&quot;,&quot;properties&quot;:{&quot;id&quot;:&quot;category-02E30C12872748C39B76E323540CC888&quot;,&quot;label&quot;:&quot;Administration&quot;,&quot;hide&quot;:&quot;&quot;,&quot;permission&quot;:{&quot;className&quot;:&quot;org.joget.plugin.enterprise.AdminUserviewPermission&quot;,&quot;properties&quot;:{}}},&quot;menus&quot;:[{&quot;className&quot;:&quot;org.joget.apps.userview.lib.Link&quot;,&quot;properties&quot;:{&quot;id&quot;:&quot;08731982435046A2BFA0DCC94CC583EE&quot;,&quot;customId&quot;:&quot;console&quot;,&quot;label&quot;:&quot;Web Console&quot;,&quot;url&quot;:&quot;\/jw\/web\/console\/home&quot;,&quot;target&quot;:&quot;blank&quot;}},{&quot;className&quot;:&quot;org.joget.plugin.enterprise.DataListInboxMenu&quot;,&quot;properties&quot;:{&quot;id&quot;:&quot;97CBD6A3C5DF47C983A70DCDD4117D52&quot;,&quot;customId&quot;:&quot;user_approval&quot;,&quot;label&quot;:&quot;User Registration Approval&quot;,&quot;datalistId&quot;:&quot;user_list&quot;,&quot;appFilter&quot;:&quot;process&quot;,&quot;processId&quot;:&quot;process1&quot;,&quot;activityDefId&quot;:&quot;&quot;,&quot;rowCount&quot;:&quot;true&quot;,&quot;list-customHeader&quot;:&quot;&quot;,&quot;list-customFooter&quot;:&quot;&quot;,&quot;assignment-customHeader&quot;:&quot;&quot;,&quot;assignment-customFooter&quot;:&quot;&quot;}}]}]}</json>
         <dateCreated class="java.sql.Timestamp">2015-05-19 23:15:23.0 GMT</dateCreated>
         <dateModified class="java.sql.Timestamp">2015-05-19 23:15:23.0 GMT</dateModified>
      </userviewDefinition>
   </userviewDefinitionList>
   <datalistDefinitionList>
      <datalistDefinition>
         <id>user_list</id>
         <appId>dashboard</appId>
         <appVersion>1</appVersion>
         <name>User Registration List</name>
         <description>User Registration List</description>
         <json>{&quot;id&quot;:&quot;user_list&quot;,&quot;name&quot;:&quot;User Registration List&quot;,&quot;pageSize&quot;:&quot;10&quot;,&quot;order&quot;:&quot;&quot;,&quot;orderBy&quot;:&quot;&quot;,&quot;showPageSizeSelector&quot;:&quot;true&quot;,&quot;pageSizeSelectorOptions&quot;:&quot;10,20,30,40,50,100&quot;,&quot;buttonPosition&quot;:&quot;bottomLeft&quot;,&quot;checkboxPosition&quot;:&quot;left&quot;,&quot;useSession&quot;:&quot;false&quot;,&quot;actions&quot;:[],&quot;rowActions&quot;:[],&quot;filters&quot;:[{&quot;id&quot;:&quot;filter_0&quot;,&quot;name&quot;:&quot;username&quot;,&quot;label&quot;:&quot;Desired Username&quot;}],&quot;binder&quot;:{&quot;className&quot;:&quot;org.joget.plugin.enterprise.AdvancedFormRowDataListBinder&quot;,&quot;properties&quot;:{&quot;formDefId&quot;:&quot;user_approval&quot;,&quot;filters&quot;:[{&quot;join&quot;:&quot;AND&quot;,&quot;field&quot;:&quot;status&quot;,&quot;operator&quot;:&quot;IS NULL&quot;,&quot;value&quot;:&quot;&quot;}],&quot;extraCondition&quot;:&quot;&quot;}},&quot;columns&quot;:[{&quot;id&quot;:&quot;column_6&quot;,&quot;label&quot;:&quot;Desired Username&quot;,&quot;name&quot;:&quot;username&quot;},{&quot;id&quot;:&quot;column_2&quot;,&quot;label&quot;:&quot;First Name&quot;,&quot;name&quot;:&quot;firstName&quot;},{&quot;id&quot;:&quot;column_1&quot;,&quot;label&quot;:&quot;Last Name&quot;,&quot;name&quot;:&quot;lastName&quot;},{&quot;id&quot;:&quot;column_3&quot;,&quot;label&quot;:&quot;Email&quot;,&quot;name&quot;:&quot;email&quot;},{&quot;id&quot;:&quot;column_0&quot;,&quot;label&quot;:&quot;Status&quot;,&quot;name&quot;:&quot;status&quot;},{&quot;id&quot;:&quot;column_4&quot;,&quot;label&quot;:&quot;Date Created&quot;,&quot;name&quot;:&quot;dateCreated&quot;}]}</json>
         <dateCreated class="java.sql.Timestamp">2015-05-19 23:15:23.0 GMT</dateCreated>
         <dateModified class="java.sql.Timestamp">2015-05-19 23:15:23.0 GMT</dateModified>
      </datalistDefinition>
   </datalistDefinitionList>
   <pluginDefaultPropertiesList/>
   <environmentVariableList/>
   <messageList/>   <license>EG7vI0pxpjL7ThQ8m9sQSeEfsbmWrC4TbI37BKjZlO5jbwy29bpHrw==</license>
</appDefinition>