<appDefinition>
   <id>hr_expense</id>
   <version>1</version>
   <name>HR Expenses Claim App</name>
   <dateCreated class="java.sql.Timestamp">2015-05-19 23:15:24.0 GMT</dateCreated>
   <dateModified class="java.sql.Timestamp">2015-05-20 07:15:24.0 GMT</dateModified>
   <packageDefinitionList>
      <packageDefinition>
         <appId>hr_expense</appId>
         <id>hr_expense</id>
         <version>1</version>
         <name>HR Expenses Claim App</name>
         <dateCreated class="java.sql.Timestamp">2015-05-19 23:15:24.0 GMT</dateCreated>
         <dateModified class="java.sql.Timestamp">2015-05-19 23:15:24.0 GMT</dateModified>
         <packageActivityFormMap>
            <entry>
               <string>process1::approve_claim</string>
               <packageActivityForm>
                  <processDefId>process1</processDefId>
                  <activityDefId>approve_claim</activityDefId>
                  <formId>hr_expense_approval</formId>
                  <type>SINGLE</type>
                  <autoContinue>false</autoContinue>
                  <!--disableSaveAsDraft>false</disableSaveAsDraft-->
               </packageActivityForm>
            </entry>
            <entry>
               <string>process1::resubmit</string>
               <packageActivityForm>
                  <processDefId>process1</processDefId>
                  <activityDefId>resubmit</activityDefId>
                  <formId>hr_expense_resubmit</formId>
                  <type>SINGLE</type>
                  <autoContinue>false</autoContinue>
                  <!--disableSaveAsDraft>false</disableSaveAsDraft-->
               </packageActivityForm>
            </entry>
            <entry>
               <string>process1::new_claim</string>
               <packageActivityForm>
                  <processDefId>process1</processDefId>
                  <activityDefId>new_claim</activityDefId>
                  <formId>hr_expense_claim</formId>
                  <type>SINGLE</type>
                  <autoContinue>true</autoContinue>
                  <!--disableSaveAsDraft>false</disableSaveAsDraft-->
               </packageActivityForm>
            </entry>
            <entry>
               <string>process1::runProcess</string>
               <packageActivityForm>
                  <processDefId>process1</processDefId>
                  <activityDefId>runProcess</activityDefId>
                  <formId>hr_expense_new</formId>
                  <type>SINGLE</type>
                  <autoContinue>true</autoContinue>
                  <!--disableSaveAsDraft>false</disableSaveAsDraft-->
               </packageActivityForm>
            </entry>
            <entry>
               <string>process1::verify_claim</string>
               <packageActivityForm>
                  <processDefId>process1</processDefId>
                  <activityDefId>verify_claim</activityDefId>
                  <formId>hr_expense_finance</formId>
                  <type>SINGLE</type>
                  <autoContinue>false</autoContinue>
                  <!--disableSaveAsDraft>false</disableSaveAsDraft-->
               </packageActivityForm>
            </entry>
         </packageActivityFormMap>
         <packageActivityPluginMap>
            <entry>
               <string>process1::tool4</string>
               <packageActivityPlugin>
                  <processDefId>process1</processDefId>
                  <activityDefId>tool4</activityDefId>
                  <pluginName>org.joget.plugin.enterprise.FormDataUpdateTool</pluginName>
                  <pluginProperties>{&quot;formDefId&quot;:&quot;hr_expense_new&quot;,&quot;fields&quot;:[{&quot;field&quot;:&quot;status&quot;,&quot;value&quot;:&quot;Submitted&quot;}]}</pluginProperties>
               </packageActivityPlugin>
            </entry>
         </packageActivityPluginMap>
         <packageParticipantMap>
            <entry>
               <string>process1::processStartWhiteList</string>
               <packageParticipant>
                  <processDefId>process1</processDefId>
                  <participantId>processStartWhiteList</participantId>
                  <type>role</type>
                  <value>loggedInUser</value>
               </packageParticipant>
            </entry>
            <entry>
               <string>process1::claimant</string>
               <packageParticipant>
                  <processDefId>process1</processDefId>
                  <participantId>claimant</participantId>
                  <type>requester</type>
                  <value>runProcess</value>
               </packageParticipant>
            </entry>
            <entry>
               <string>process1::finance</string>
               <packageParticipant>
                  <processDefId>process1</processDefId>
                  <participantId>finance</participantId>
                  <type>user</type>
                  <value>admin</value>
               </packageParticipant>
            </entry>
            <entry>
               <string>process1::approver</string>
               <packageParticipant>
                  <processDefId>process1</processDefId>
                  <participantId>approver</participantId>
                  <type>requesterHod</type>
                  <value>runProcess</value>
               </packageParticipant>
            </entry>
         </packageParticipantMap>
      </packageDefinition>
   </packageDefinitionList>
  <formDefinitionList>
      <formDefinition>
         <id>hr_expenses_approval_detail</id>
         <appId>hr_expense</appId>
         <appVersion>1</appVersion>
         <name>HR Expenses Approval Detail</name>
         <tableName>hr_expense_claim</tableName>
         <json>{&quot;className&quot;:&quot;org.joget.apps.form.model.Form&quot;,&quot;properties&quot;:{&quot;id&quot;:&quot;hr_expenses_approval_detail&quot;,&quot;loadBinder&quot;:{&quot;className&quot;:&quot;org.joget.apps.form.lib.WorkflowFormBinder&quot;},&quot;tableName&quot;:&quot;hr_expense_claim&quot;,&quot;name&quot;:&quot;HR Expenses Approval Detail&quot;,&quot;storeBinder&quot;:{&quot;className&quot;:&quot;org.joget.apps.form.lib.WorkflowFormBinder&quot;}},&quot;elements&quot;:[{&quot;elements&quot;:[{&quot;elements&quot;:[{&quot;className&quot;:&quot;org.joget.apps.form.lib.SubForm&quot;,&quot;properties&quot;:{&quot;id&quot;:&quot;expenses_detail_form&quot;,&quot;formDefId&quot;:&quot;hr_expense_claim&quot;,&quot;loadBinder&quot;:{&quot;className&quot;:&quot;org.joget.apps.form.lib.WorkflowFormBinder&quot;,&quot;properties&quot;:&quot;{}&quot;},&quot;subFormParentId&quot;:&quot;&quot;,&quot;storeBinder&quot;:{&quot;className&quot;:&quot;org.joget.apps.form.lib.WorkflowFormBinder&quot;,&quot;properties&quot;:&quot;{}&quot;},&quot;label&quot;:&quot;&quot;,&quot;parentSubFormId&quot;:&quot;&quot;,&quot;readonly&quot;:&quot;&quot;}}],&quot;className&quot;:&quot;org.joget.apps.form.model.Column&quot;,&quot;properties&quot;:{&quot;width&quot;:&quot;99%&quot;}}],&quot;className&quot;:&quot;org.joget.apps.form.model.Section&quot;,&quot;properties&quot;:{&quot;id&quot;:&quot;section1&quot;,&quot;label&quot;:&quot;&quot;,&quot;loadBinder&quot;:{&quot;className&quot;:&quot;&quot;,&quot;properties&quot;:{}},&quot;storeBinder&quot;:{&quot;className&quot;:&quot;&quot;,&quot;properties&quot;:{}},&quot;visibilityControl&quot;:&quot;&quot;,&quot;visibilityValue&quot;:&quot;&quot;}},{&quot;elements&quot;:[{&quot;elements&quot;:[{&quot;className&quot;:&quot;org.joget.apps.form.lib.Grid&quot;,&quot;properties&quot;:{&quot;id&quot;:&quot;approval_comments&quot;,&quot;loadBinder&quot;:{&quot;className&quot;:&quot;org.joget.plugin.enterprise.MultirowFormBinder&quot;,&quot;properties&quot;:{&quot;formDefId&quot;:&quot;hr_expenses_approval_entry&quot;,&quot;foreignKey&quot;:&quot;claim&quot;}},&quot;storeBinder&quot;:{&quot;className&quot;:&quot;&quot;,&quot;properties&quot;:&quot;{}&quot;},&quot;label&quot;:&quot;&quot;,&quot;readonly&quot;:&quot;true&quot;,&quot;options&quot;:[{&quot;value&quot;:&quot;approver&quot;,&quot;label&quot;:&quot;Approver&quot;},{&quot;value&quot;:&quot;comment&quot;,&quot;label&quot;:&quot;Comment&quot;},{&quot;value&quot;:&quot;dateCreated&quot;,&quot;label&quot;:&quot;Date&quot;}]}}],&quot;className&quot;:&quot;org.joget.apps.form.model.Column&quot;,&quot;properties&quot;:{&quot;width&quot;:&quot;99%&quot;}}],&quot;className&quot;:&quot;org.joget.apps.form.model.Section&quot;,&quot;properties&quot;:{&quot;id&quot;:&quot;section2&quot;,&quot;label&quot;:&quot;Approval Comment(s)&quot;,&quot;loadBinder&quot;:{&quot;className&quot;:&quot;&quot;,&quot;properties&quot;:{}},&quot;storeBinder&quot;:{&quot;className&quot;:&quot;&quot;,&quot;properties&quot;:{}},&quot;visibilityControl&quot;:&quot;&quot;,&quot;visibilityValue&quot;:&quot;&quot;}},{&quot;elements&quot;:[{&quot;elements&quot;:[{&quot;className&quot;:&quot;org.joget.apps.form.lib.SelectBox&quot;,&quot;properties&quot;:{&quot;id&quot;:&quot;status&quot;,&quot;workflowVariable&quot;:&quot;&quot;,&quot;optionsBinder&quot;:{&quot;className&quot;:&quot;&quot;,&quot;properties&quot;:&quot;{}&quot;},&quot;validator&quot;:{&quot;className&quot;:&quot;&quot;,&quot;properties&quot;:&quot;{}&quot;},&quot;value&quot;:&quot;&quot;,&quot;label&quot;:&quot;Status&quot;,&quot;readonly&quot;:&quot;true&quot;,&quot;multiple&quot;:&quot;&quot;,&quot;options&quot;:[{&quot;value&quot;:&quot;Verified&quot;,&quot;label&quot;:&quot;Verified&quot;},{&quot;value&quot;:&quot;Finance Rejected&quot;,&quot;label&quot;:&quot;Rejected&quot;}],&quot;size&quot;:&quot;&quot;}},{&quot;className&quot;:&quot;org.joget.apps.form.lib.TextArea&quot;,&quot;properties&quot;:{&quot;id&quot;:&quot;finance_comments&quot;,&quot;cols&quot;:&quot;40&quot;,&quot;validator&quot;:{&quot;className&quot;:&quot;&quot;,&quot;properties&quot;:&quot;{}&quot;},&quot;value&quot;:&quot;&quot;,&quot;label&quot;:&quot;Finance Comments&quot;,&quot;readonly&quot;:&quot;true&quot;,&quot;rows&quot;:&quot;8&quot;}}],&quot;className&quot;:&quot;org.joget.apps.form.model.Column&quot;,&quot;properties&quot;:{&quot;width&quot;:&quot;99%&quot;}}],&quot;className&quot;:&quot;org.joget.apps.form.model.Section&quot;,&quot;properties&quot;:{&quot;id&quot;:&quot;section3&quot;,&quot;label&quot;:&quot;Finance Verification&quot;,&quot;loadBinder&quot;:{&quot;className&quot;:&quot;&quot;,&quot;properties&quot;:{}},&quot;storeBinder&quot;:{&quot;className&quot;:&quot;&quot;,&quot;properties&quot;:{}},&quot;visibilityControl&quot;:&quot;&quot;,&quot;visibilityValue&quot;:&quot;&quot;}}]}</json>
         <dateCreated class="java.sql.Timestamp">2015-05-19 23:15:24.0 GMT</dateCreated>
         <dateModified class="java.sql.Timestamp">2015-05-19 23:15:24.0 GMT</dateModified>
      </formDefinition>
      <formDefinition>
         <id>hr_expenses_approval_entry</id>
         <appId>hr_expense</appId>
         <appVersion>1</appVersion>
         <name>HR Expense Approval Entry</name>
         <tableName>hr_expense_approval</tableName>
         <json>{&quot;className&quot;:&quot;org.joget.apps.form.model.Form&quot;,&quot;properties&quot;:{&quot;id&quot;:&quot;hr_expenses_approval_entry&quot;,&quot;name&quot;:&quot;HR Expense Approval Entry&quot;,&quot;tableName&quot;:&quot;hr_expense_approval&quot;,&quot;description&quot;:&quot;&quot;,&quot;loadBinder&quot;:{&quot;className&quot;:&quot;org.joget.apps.form.lib.WorkflowFormBinder&quot;,&quot;properties&quot;:{}},&quot;storeBinder&quot;:{&quot;className&quot;:&quot;org.joget.apps.form.lib.WorkflowFormBinder&quot;,&quot;properties&quot;:{}},&quot;permission&quot;:{&quot;className&quot;:&quot;&quot;,&quot;properties&quot;:{}},&quot;noPermissionMessage&quot;:&quot;&quot;,&quot;postProcessor&quot;:{&quot;className&quot;:&quot;&quot;,&quot;properties&quot;:{}},&quot;postProcessorRunOn&quot;:&quot;both&quot;},&quot;elements&quot;:[{&quot;elements&quot;:[{&quot;elements&quot;:[{&quot;className&quot;:&quot;org.joget.apps.form.lib.HiddenField&quot;,&quot;properties&quot;:{&quot;workflowVariable&quot;:&quot;&quot;,&quot;id&quot;:&quot;claim&quot;,&quot;value&quot;:&quot;&quot;}},{&quot;className&quot;:&quot;org.joget.apps.form.lib.HiddenField&quot;,&quot;properties&quot;:{&quot;workflowVariable&quot;:&quot;&quot;,&quot;id&quot;:&quot;username&quot;,&quot;value&quot;:&quot;#currentUser.username#&quot;}},{&quot;className&quot;:&quot;org.joget.apps.form.lib.TextField&quot;,&quot;properties&quot;:{&quot;encryption&quot;:&quot;&quot;,&quot;readonly&quot;:&quot;true&quot;,&quot;size&quot;:&quot;&quot;,&quot;maxlength&quot;:&quot;&quot;,&quot;validator&quot;:{&quot;className&quot;:&quot;&quot;,&quot;properties&quot;:{}},&quot;workflowVariable&quot;:&quot;&quot;,&quot;id&quot;:&quot;approver&quot;,&quot;label&quot;:&quot;Approver&quot;,&quot;value&quot;:&quot;#currentUser.firstName# #currentUser.lastName#&quot;,&quot;readonlyLabel&quot;:&quot;true&quot;}},{&quot;className&quot;:&quot;org.joget.apps.form.lib.TextArea&quot;,&quot;properties&quot;:{&quot;readonly&quot;:&quot;&quot;,&quot;validator&quot;:{&quot;className&quot;:&quot;&quot;,&quot;properties&quot;:&quot;{}&quot;},&quot;id&quot;:&quot;comment&quot;,&quot;label&quot;:&quot;Approver Comments&quot;,&quot;rows&quot;:&quot;8&quot;,&quot;cols&quot;:&quot;40&quot;,&quot;value&quot;:&quot;&quot;}}],&quot;className&quot;:&quot;org.joget.apps.form.model.Column&quot;,&quot;properties&quot;:{&quot;width&quot;:&quot;100%&quot;}}],&quot;className&quot;:&quot;org.joget.apps.form.model.Section&quot;,&quot;properties&quot;:{&quot;visibilityControl&quot;:&quot;&quot;,&quot;loadBinder&quot;:{&quot;className&quot;:&quot;&quot;,&quot;properties&quot;:{}},&quot;id&quot;:&quot;section1&quot;,&quot;label&quot;:&quot;&quot;,&quot;storeBinder&quot;:{&quot;className&quot;:&quot;&quot;,&quot;properties&quot;:{}},&quot;visibilityValue&quot;:&quot;&quot;}}]}</json>
         <dateCreated class="java.sql.Timestamp">2015-05-19 23:15:24.0 GMT</dateCreated>
         <dateModified class="java.sql.Timestamp">2015-05-19 23:15:24.0 GMT</dateModified>
      </formDefinition>
      <formDefinition>
         <id>hr_expense_approval</id>
         <appId>hr_expense</appId>
         <appVersion>1</appVersion>
         <name>HR Expense Approval Form</name>
         <tableName>hr_expense_claim</tableName>
         <json>{&quot;className&quot;:&quot;org.joget.apps.form.model.Form&quot;,&quot;properties&quot;:{&quot;id&quot;:&quot;hr_expense_approval&quot;,&quot;name&quot;:&quot;HR Expense Approval Form&quot;,&quot;tableName&quot;:&quot;hr_expense_claim&quot;,&quot;description&quot;:&quot;This is a form that let user inputs some details.\n\nThis is a form that let user inputs some details.\n\nThis is a form that let user inputs some details.\n\nThis is a form that let user inputs some details.&quot;,&quot;loadBinder&quot;:{&quot;className&quot;:&quot;org.joget.apps.form.lib.WorkflowFormBinder&quot;,&quot;properties&quot;:{}},&quot;storeBinder&quot;:{&quot;className&quot;:&quot;org.joget.apps.form.lib.WorkflowFormBinder&quot;,&quot;properties&quot;:{}},&quot;permission&quot;:{&quot;className&quot;:&quot;&quot;,&quot;properties&quot;:{}},&quot;noPermissionMessage&quot;:&quot;&quot;},&quot;elements&quot;:[{&quot;elements&quot;:[{&quot;elements&quot;:[{&quot;className&quot;:&quot;org.joget.apps.form.lib.SubForm&quot;,&quot;properties&quot;:{&quot;id&quot;:&quot;claim&quot;,&quot;formDefId&quot;:&quot;hr_expense_claim&quot;,&quot;loadBinder&quot;:{&quot;className&quot;:&quot;org.joget.apps.form.lib.WorkflowFormBinder&quot;,&quot;properties&quot;:&quot;{}&quot;},&quot;subFormParentId&quot;:&quot;&quot;,&quot;storeBinder&quot;:{&quot;className&quot;:&quot;org.joget.apps.form.lib.WorkflowFormBinder&quot;,&quot;properties&quot;:&quot;{}&quot;},&quot;label&quot;:&quot;&quot;,&quot;parentSubFormId&quot;:&quot;&quot;,&quot;readonly&quot;:&quot;true&quot;}}],&quot;className&quot;:&quot;org.joget.apps.form.model.Column&quot;,&quot;properties&quot;:{&quot;width&quot;:&quot;100%&quot;}}],&quot;className&quot;:&quot;org.joget.apps.form.model.Section&quot;,&quot;properties&quot;:{&quot;id&quot;:&quot;section1&quot;,&quot;loadBinder&quot;:{&quot;className&quot;:&quot;&quot;,&quot;properties&quot;:&quot;{}&quot;},&quot;visibilityControl&quot;:&quot;&quot;,&quot;visibilityValue&quot;:&quot;&quot;,&quot;storeBinder&quot;:{&quot;className&quot;:&quot;&quot;,&quot;properties&quot;:&quot;{}&quot;},&quot;label&quot;:&quot;Expense Claim&quot;}},{&quot;elements&quot;:[{&quot;elements&quot;:[{&quot;className&quot;:&quot;org.joget.apps.form.lib.SelectBox&quot;,&quot;properties&quot;:{&quot;id&quot;:&quot;status&quot;,&quot;workflowVariable&quot;:&quot;status&quot;,&quot;optionsBinder&quot;:{&quot;className&quot;:&quot;&quot;,&quot;properties&quot;:&quot;{}&quot;},&quot;validator&quot;:{&quot;className&quot;:&quot;org.joget.apps.form.lib.DefaultValidator&quot;,&quot;properties&quot;:{&quot;mandatory&quot;:&quot;true&quot;,&quot;type&quot;:&quot;&quot;}},&quot;value&quot;:&quot;&quot;,&quot;label&quot;:&quot;Status&quot;,&quot;multiple&quot;:&quot;&quot;,&quot;readonly&quot;:&quot;&quot;,&quot;size&quot;:&quot;&quot;,&quot;options&quot;:[{&quot;value&quot;:&quot;Approved&quot;,&quot;label&quot;:&quot;Approved&quot;},{&quot;value&quot;:&quot;Resubmit&quot;,&quot;label&quot;:&quot;Resubmit&quot;},{&quot;value&quot;:&quot;Rejected&quot;,&quot;label&quot;:&quot;Rejected&quot;}]}},{&quot;className&quot;:&quot;org.joget.apps.form.lib.SubForm&quot;,&quot;properties&quot;:{&quot;id&quot;:&quot;approval_form&quot;,&quot;formDefId&quot;:&quot;hr_expenses_approval_entry&quot;,&quot;loadBinder&quot;:{&quot;className&quot;:&quot;org.joget.apps.form.lib.BeanShellFormBinder&quot;,&quot;properties&quot;:{&quot;script&quot;:&quot;import org.joget.apps.form.model.*;\nreturn new FormRowSet();&quot;}},&quot;subFormParentId&quot;:&quot;claim&quot;,&quot;storeBinder&quot;:{&quot;className&quot;:&quot;org.joget.apps.form.lib.WorkflowFormBinder&quot;,&quot;properties&quot;:&quot;{}&quot;},&quot;label&quot;:&quot;&quot;,&quot;parentSubFormId&quot;:&quot;last_approval_record&quot;,&quot;readonly&quot;:&quot;&quot;}}],&quot;className&quot;:&quot;org.joget.apps.form.model.Column&quot;,&quot;properties&quot;:{&quot;width&quot;:&quot;100%&quot;}}],&quot;className&quot;:&quot;org.joget.apps.form.model.Section&quot;,&quot;properties&quot;:{&quot;id&quot;:&quot;section2&quot;,&quot;loadBinder&quot;:{&quot;className&quot;:&quot;&quot;,&quot;properties&quot;:&quot;{}&quot;},&quot;visibilityControl&quot;:&quot;&quot;,&quot;visibilityValue&quot;:&quot;&quot;,&quot;storeBinder&quot;:{&quot;className&quot;:&quot;&quot;,&quot;properties&quot;:&quot;{}&quot;},&quot;label&quot;:&quot;Approval&quot;}}]}</json>
         <!--description>This is a form that let user inputs some details.

This is a form that let user inputs some details.

This is a form that let user inputs some details.

This is a form that let user inputs some details.</description-->
         <dateCreated class="java.sql.Timestamp">2015-05-19 23:15:24.0 GMT</dateCreated>
         <dateModified class="java.sql.Timestamp">2015-05-19 23:15:24.0 GMT</dateModified>
      </formDefinition>
      <formDefinition>
         <id>hr_expense_claim</id>
         <appId>hr_expense</appId>
         <appVersion>1</appVersion>
         <name>HR Expense Claim Form</name>
         <tableName>hr_expense_claim</tableName>
         <json>{&quot;className&quot;:&quot;org.joget.apps.form.model.Form&quot;,&quot;properties&quot;:{&quot;id&quot;:&quot;hr_expense_claim&quot;,&quot;loadBinder&quot;:{&quot;className&quot;:&quot;org.joget.apps.form.lib.WorkflowFormBinder&quot;},&quot;tableName&quot;:&quot;hr_expense_claim&quot;,&quot;name&quot;:&quot;HR Expense Claim Form&quot;,&quot;storeBinder&quot;:{&quot;className&quot;:&quot;org.joget.apps.form.lib.WorkflowFormBinder&quot;},&quot;elementUniqueKey&quot;:&quot;90536&quot;},&quot;elements&quot;:[{&quot;elements&quot;:[{&quot;elements&quot;:[{&quot;className&quot;:&quot;org.joget.apps.form.lib.SubForm&quot;,&quot;properties&quot;:{&quot;id&quot;:&quot;expenses_detail&quot;,&quot;formDefId&quot;:&quot;hr_expense_new&quot;,&quot;loadBinder&quot;:{&quot;className&quot;:&quot;org.joget.apps.form.lib.WorkflowFormBinder&quot;,&quot;properties&quot;:&quot;{}&quot;},&quot;subFormParentId&quot;:&quot;&quot;,&quot;storeBinder&quot;:{&quot;className&quot;:&quot;org.joget.apps.form.lib.WorkflowFormBinder&quot;,&quot;properties&quot;:&quot;{}&quot;},&quot;label&quot;:&quot;&quot;,&quot;parentSubFormId&quot;:&quot;&quot;,&quot;readonly&quot;:&quot;&quot;,&quot;elementUniqueKey&quot;:&quot;90543&quot;}}],&quot;className&quot;:&quot;org.joget.apps.form.model.Column&quot;,&quot;properties&quot;:{&quot;width&quot;:&quot;99%&quot;,&quot;elementUniqueKey&quot;:&quot;90541&quot;}}],&quot;className&quot;:&quot;org.joget.apps.form.model.Section&quot;,&quot;properties&quot;:{&quot;id&quot;:&quot;section2&quot;,&quot;loadBinder&quot;:{&quot;className&quot;:&quot;&quot;,&quot;properties&quot;:&quot;{}&quot;},&quot;visibilityControl&quot;:&quot;&quot;,&quot;visibilityValue&quot;:&quot;&quot;,&quot;storeBinder&quot;:{&quot;className&quot;:&quot;&quot;,&quot;properties&quot;:&quot;{}&quot;},&quot;label&quot;:&quot;&quot;,&quot;elementUniqueKey&quot;:&quot;90537&quot;}},{&quot;elements&quot;:[{&quot;elements&quot;:[{&quot;className&quot;:&quot;org.joget.plugin.enterprise.FormGrid&quot;,&quot;properties&quot;:{&quot;id&quot;:&quot;entries&quot;,&quot;formDefId&quot;:&quot;hr_expense_claim_entry&quot;,&quot;loadBinder&quot;:{&quot;className&quot;:&quot;org.joget.plugin.enterprise.MultirowFormBinder&quot;,&quot;properties&quot;:{&quot;formDefId&quot;:&quot;hr_expense_claim_entry&quot;,&quot;foreignKey&quot;:&quot;claim&quot;}},&quot;submit-label-readonly&quot;:&quot;Close&quot;,&quot;submit-label-normal&quot;:&quot;Submit&quot;,&quot;storeBinder&quot;:{&quot;className&quot;:&quot;org.joget.plugin.enterprise.MultirowFormBinder&quot;,&quot;properties&quot;:{&quot;formDefId&quot;:&quot;hr_expense_claim_entry&quot;,&quot;foreignKey&quot;:&quot;claim&quot;}},&quot;enableSorting&quot;:&quot;&quot;,&quot;label&quot;:&quot;&quot;,&quot;readonly&quot;:&quot;&quot;,&quot;options&quot;:[{&quot;value&quot;:&quot;date&quot;,&quot;label&quot;:&quot;Date&quot;},{&quot;value&quot;:&quot;category&quot;,&quot;label&quot;:&quot;Category&quot;},{&quot;value&quot;:&quot;purpose&quot;,&quot;label&quot;:&quot;Purpose&quot;},{&quot;value&quot;:&quot;formattedAmount&quot;,&quot;label&quot;:&quot;Amount&quot;}],&quot;elementUniqueKey&quot;:&quot;90623&quot;}}],&quot;className&quot;:&quot;org.joget.apps.form.model.Column&quot;,&quot;properties&quot;:{&quot;width&quot;:&quot;99%&quot;,&quot;elementUniqueKey&quot;:&quot;90548&quot;}}],&quot;className&quot;:&quot;org.joget.apps.form.model.Section&quot;,&quot;properties&quot;:{&quot;id&quot;:&quot;section3&quot;,&quot;loadBinder&quot;:{&quot;className&quot;:&quot;&quot;,&quot;properties&quot;:&quot;{}&quot;},&quot;visibilityControl&quot;:&quot;&quot;,&quot;visibilityValue&quot;:&quot;&quot;,&quot;storeBinder&quot;:{&quot;className&quot;:&quot;&quot;,&quot;properties&quot;:&quot;{}&quot;},&quot;label&quot;:&quot;Expenses Item(s)&quot;,&quot;elementUniqueKey&quot;:&quot;90544&quot;}},{&quot;elements&quot;:[{&quot;elements&quot;:[],&quot;className&quot;:&quot;org.joget.apps.form.model.Column&quot;,&quot;properties&quot;:{&quot;width&quot;:&quot;49%&quot;,&quot;elementUniqueKey&quot;:&quot;90556&quot;}},{&quot;elements&quot;:[{&quot;className&quot;:&quot;org.joget.plugin.enterprise.CalculationField&quot;,&quot;properties&quot;:{&quot;id&quot;:&quot;total&quot;,&quot;workflowVariable&quot;:&quot;&quot;,&quot;postfix&quot;:&quot;&quot;,&quot;useThousandSeparator&quot;:&quot;true&quot;,&quot;numOfDecimal&quot;:&quot;2&quot;,&quot;style&quot;:&quot;us&quot;,&quot;equation&quot;:&quot;&quot;,&quot;hidden&quot;:&quot;&quot;,&quot;prefix&quot;:&quot;$&quot;,&quot;label&quot;:&quot;Total Amount&quot;,&quot;variables&quot;:[{&quot;operation&quot;:&quot;sum&quot;,&quot;variableName&quot;:&quot;&quot;,&quot;fieldId&quot;:&quot;entries.formattedAmount&quot;}],&quot;elementUniqueKey&quot;:&quot;90652&quot;}}],&quot;className&quot;:&quot;org.joget.apps.form.model.Column&quot;,&quot;properties&quot;:{&quot;width&quot;:&quot;49%&quot;,&quot;elementUniqueKey&quot;:&quot;90557&quot;}}],&quot;className&quot;:&quot;org.joget.apps.form.model.Section&quot;,&quot;properties&quot;:{&quot;id&quot;:&quot;section3&quot;,&quot;loadBinder&quot;:{&quot;className&quot;:&quot;&quot;,&quot;properties&quot;:&quot;{}&quot;},&quot;visibilityControl&quot;:&quot;&quot;,&quot;visibilityValue&quot;:&quot;&quot;,&quot;storeBinder&quot;:{&quot;className&quot;:&quot;&quot;,&quot;properties&quot;:&quot;{}&quot;},&quot;label&quot;:&quot;&quot;,&quot;elementUniqueKey&quot;:&quot;90551&quot;}},{&quot;elements&quot;:[{&quot;elements&quot;:[{&quot;className&quot;:&quot;org.joget.apps.form.lib.FileUpload&quot;,&quot;properties&quot;:{&quot;id&quot;:&quot;receipt&quot;,&quot;validator&quot;:{&quot;className&quot;:&quot;&quot;,&quot;properties&quot;:&quot;{}&quot;},&quot;label&quot;:&quot;Receipt&quot;,&quot;attachment&quot;:&quot;true&quot;,&quot;readonly&quot;:&quot;&quot;,&quot;size&quot;:&quot;&quot;,&quot;elementUniqueKey&quot;:&quot;90566&quot;}}],&quot;className&quot;:&quot;org.joget.apps.form.model.Column&quot;,&quot;properties&quot;:{&quot;width&quot;:&quot;99%&quot;,&quot;elementUniqueKey&quot;:&quot;90564&quot;}}],&quot;className&quot;:&quot;org.joget.apps.form.model.Section&quot;,&quot;properties&quot;:{&quot;id&quot;:&quot;section4&quot;,&quot;loadBinder&quot;:{&quot;className&quot;:&quot;&quot;,&quot;properties&quot;:&quot;{}&quot;},&quot;visibilityControl&quot;:&quot;&quot;,&quot;visibilityValue&quot;:&quot;&quot;,&quot;storeBinder&quot;:{&quot;className&quot;:&quot;&quot;,&quot;properties&quot;:&quot;{}&quot;},&quot;label&quot;:&quot;&quot;,&quot;elementUniqueKey&quot;:&quot;90560&quot;}}]}</json>
         <dateCreated class="java.sql.Timestamp">2015-05-19 23:15:24.0 GMT</dateCreated>
         <dateModified class="java.sql.Timestamp">2015-05-19 23:15:24.0 GMT</dateModified>
      </formDefinition>
      <formDefinition>
         <id>hr_expense_claim_entry</id>
         <appId>hr_expense</appId>
         <appVersion>1</appVersion>
         <name>HR Expense Claim Entry</name>
         <tableName>hr_expense_entry</tableName>
         <json>{&quot;className&quot;:&quot;org.joget.apps.form.model.Form&quot;,&quot;properties&quot;:{&quot;id&quot;:&quot;hr_expense_claim_entry&quot;,&quot;name&quot;:&quot;HR Expense Claim Entry&quot;,&quot;tableName&quot;:&quot;hr_expense_entry&quot;,&quot;description&quot;:&quot;&quot;,&quot;loadBinder&quot;:{&quot;className&quot;:&quot;org.joget.apps.form.lib.WorkflowFormBinder&quot;,&quot;properties&quot;:{}},&quot;storeBinder&quot;:{&quot;className&quot;:&quot;org.joget.apps.form.lib.WorkflowFormBinder&quot;,&quot;properties&quot;:{}},&quot;permission&quot;:{&quot;className&quot;:&quot;&quot;,&quot;properties&quot;:{}},&quot;noPermissionMessage&quot;:&quot;&quot;,&quot;postProcessor&quot;:{&quot;className&quot;:&quot;&quot;,&quot;properties&quot;:{}},&quot;postProcessorRunOn&quot;:&quot;both&quot;},&quot;elements&quot;:[{&quot;elements&quot;:[{&quot;elements&quot;:[{&quot;className&quot;:&quot;org.joget.apps.form.lib.HiddenField&quot;,&quot;properties&quot;:{&quot;elementUniqueKey&quot;:&quot;90501&quot;,&quot;workflowVariable&quot;:&quot;&quot;,&quot;id&quot;:&quot;claim&quot;,&quot;value&quot;:&quot;&quot;}},{&quot;className&quot;:&quot;org.joget.apps.form.lib.SelectBox&quot;,&quot;properties&quot;:{&quot;readonly&quot;:&quot;&quot;,&quot;size&quot;:&quot;&quot;,&quot;optionsBinder&quot;:{&quot;className&quot;:&quot;&quot;,&quot;properties&quot;:&quot;{}&quot;},&quot;elementUniqueKey&quot;:&quot;90502&quot;,&quot;validator&quot;:{&quot;className&quot;:&quot;&quot;,&quot;properties&quot;:&quot;{}&quot;},&quot;multiple&quot;:&quot;&quot;,&quot;options&quot;:[{&quot;label&quot;:&quot;&quot;,&quot;value&quot;:&quot;&quot;},{&quot;label&quot;:&quot;Medical&quot;,&quot;value&quot;:&quot;Medical&quot;},{&quot;label&quot;:&quot;Mileage&quot;,&quot;value&quot;:&quot;Mileage&quot;},{&quot;label&quot;:&quot;Entertainment&quot;,&quot;value&quot;:&quot;Entertainment&quot;},{&quot;label&quot;:&quot;Travel Allowance&quot;,&quot;value&quot;:&quot;Travel Allowance&quot;}],&quot;workflowVariable&quot;:&quot;&quot;,&quot;id&quot;:&quot;category&quot;,&quot;label&quot;:&quot;Category&quot;,&quot;value&quot;:&quot;&quot;}},{&quot;className&quot;:&quot;org.joget.apps.form.lib.DatePicker&quot;,&quot;properties&quot;:{&quot;readonly&quot;:&quot;&quot;,&quot;elementUniqueKey&quot;:&quot;90503&quot;,&quot;validator&quot;:{&quot;className&quot;:&quot;org.joget.apps.form.lib.DefaultValidator&quot;,&quot;properties&quot;:{&quot;type&quot;:&quot;&quot;,&quot;mandatory&quot;:&quot;true&quot;}},&quot;format&quot;:&quot;&quot;,&quot;workflowVariable&quot;:&quot;&quot;,&quot;id&quot;:&quot;date&quot;,&quot;label&quot;:&quot;Date&quot;,&quot;value&quot;:&quot;&quot;}},{&quot;className&quot;:&quot;org.joget.apps.form.lib.TextField&quot;,&quot;properties&quot;:{&quot;readonly&quot;:&quot;&quot;,&quot;size&quot;:&quot;&quot;,&quot;maxlength&quot;:&quot;&quot;,&quot;elementUniqueKey&quot;:&quot;90504&quot;,&quot;validator&quot;:{&quot;className&quot;:&quot;org.joget.apps.form.lib.DefaultValidator&quot;,&quot;properties&quot;:{&quot;type&quot;:&quot;&quot;,&quot;mandatory&quot;:&quot;true&quot;}},&quot;workflowVariable&quot;:&quot;&quot;,&quot;id&quot;:&quot;purpose&quot;,&quot;label&quot;:&quot;Purpose&quot;,&quot;value&quot;:&quot;&quot;}},{&quot;className&quot;:&quot;org.joget.apps.form.lib.TextField&quot;,&quot;properties&quot;:{&quot;readonly&quot;:&quot;&quot;,&quot;size&quot;:&quot;&quot;,&quot;maxlength&quot;:&quot;&quot;,&quot;elementUniqueKey&quot;:&quot;90505&quot;,&quot;validator&quot;:{&quot;className&quot;:&quot;org.joget.apps.form.lib.DefaultValidator&quot;,&quot;properties&quot;:{&quot;type&quot;:&quot;numeric&quot;,&quot;mandatory&quot;:&quot;true&quot;}},&quot;workflowVariable&quot;:&quot;&quot;,&quot;id&quot;:&quot;amount&quot;,&quot;label&quot;:&quot;Amount&quot;,&quot;value&quot;:&quot;&quot;}},{&quot;className&quot;:&quot;org.joget.plugin.enterprise.CalculationField&quot;,&quot;properties&quot;:{&quot;variables&quot;:[{&quot;variableName&quot;:&quot;&quot;,&quot;operation&quot;:&quot;sum&quot;,&quot;fieldId&quot;:&quot;amount&quot;}],&quot;hidden&quot;:&quot;true&quot;,&quot;prefix&quot;:&quot;$&quot;,&quot;equation&quot;:&quot;&quot;,&quot;elementUniqueKey&quot;:&quot;90507&quot;,&quot;workflowVariable&quot;:&quot;&quot;,&quot;useThousandSeparator&quot;:&quot;true&quot;,&quot;style&quot;:&quot;us&quot;,&quot;id&quot;:&quot;formattedAmount&quot;,&quot;postfix&quot;:&quot;&quot;,&quot;label&quot;:&quot;Calculation Field&quot;,&quot;numOfDecimal&quot;:&quot;2&quot;}}],&quot;className&quot;:&quot;org.joget.apps.form.model.Column&quot;,&quot;properties&quot;:{&quot;elementUniqueKey&quot;:&quot;90494&quot;,&quot;width&quot;:&quot;100%&quot;}}],&quot;className&quot;:&quot;org.joget.apps.form.model.Section&quot;,&quot;properties&quot;:{&quot;visibilityControl&quot;:&quot;&quot;,&quot;loadBinder&quot;:{&quot;className&quot;:&quot;&quot;,&quot;properties&quot;:&quot;{}&quot;},&quot;elementUniqueKey&quot;:&quot;90480&quot;,&quot;id&quot;:&quot;section1&quot;,&quot;label&quot;:&quot;General Expense Entry&quot;,&quot;storeBinder&quot;:{&quot;className&quot;:&quot;&quot;,&quot;properties&quot;:&quot;{}&quot;},&quot;visibilityValue&quot;:&quot;&quot;}}]}</json>
         <dateCreated class="java.sql.Timestamp">2015-05-19 23:15:24.0 GMT</dateCreated>
         <dateModified class="java.sql.Timestamp">2015-05-19 23:15:24.0 GMT</dateModified>
      </formDefinition>
      <formDefinition>
         <id>hr_expense_finance</id>
         <appId>hr_expense</appId>
         <appVersion>1</appVersion>
         <name>HR Expense Finance Form</name>
         <tableName>hr_expense_claim</tableName>
         <json>{&quot;className&quot;:&quot;org.joget.apps.form.model.Form&quot;,&quot;properties&quot;:{&quot;id&quot;:&quot;hr_expense_finance&quot;,&quot;loadBinder&quot;:{&quot;className&quot;:&quot;org.joget.apps.form.lib.WorkflowFormBinder&quot;,&quot;properties&quot;:&quot;{}&quot;},&quot;description&quot;:&quot;&quot;,&quot;tableName&quot;:&quot;hr_expense_claim&quot;,&quot;name&quot;:&quot;HR Expense Finance Form&quot;,&quot;storeBinder&quot;:{&quot;className&quot;:&quot;org.joget.apps.form.lib.WorkflowFormBinder&quot;,&quot;properties&quot;:&quot;{}&quot;}},&quot;elements&quot;:[{&quot;elements&quot;:[{&quot;elements&quot;:[{&quot;className&quot;:&quot;org.joget.apps.form.lib.SubForm&quot;,&quot;properties&quot;:{&quot;id&quot;:&quot;expenses_form&quot;,&quot;formDefId&quot;:&quot;hr_expense_claim&quot;,&quot;loadBinder&quot;:{&quot;className&quot;:&quot;org.joget.apps.form.lib.WorkflowFormBinder&quot;,&quot;properties&quot;:&quot;{}&quot;},&quot;subFormParentId&quot;:&quot;&quot;,&quot;storeBinder&quot;:{&quot;className&quot;:&quot;org.joget.apps.form.lib.WorkflowFormBinder&quot;,&quot;properties&quot;:&quot;{}&quot;},&quot;label&quot;:&quot;&quot;,&quot;parentSubFormId&quot;:&quot;&quot;,&quot;readonly&quot;:&quot;true&quot;}}],&quot;className&quot;:&quot;org.joget.apps.form.model.Column&quot;,&quot;properties&quot;:{&quot;width&quot;:&quot;99%&quot;}}],&quot;className&quot;:&quot;org.joget.apps.form.model.Section&quot;,&quot;properties&quot;:{&quot;id&quot;:&quot;section1&quot;,&quot;loadBinder&quot;:{&quot;className&quot;:&quot;&quot;,&quot;properties&quot;:&quot;{}&quot;},&quot;visibilityControl&quot;:&quot;&quot;,&quot;visibilityValue&quot;:&quot;&quot;,&quot;storeBinder&quot;:{&quot;className&quot;:&quot;&quot;,&quot;properties&quot;:&quot;{}&quot;},&quot;label&quot;:&quot;&quot;}},{&quot;elements&quot;:[{&quot;elements&quot;:[{&quot;className&quot;:&quot;org.joget.apps.form.lib.SelectBox&quot;,&quot;properties&quot;:{&quot;id&quot;:&quot;status&quot;,&quot;workflowVariable&quot;:&quot;status&quot;,&quot;optionsBinder&quot;:{&quot;className&quot;:&quot;&quot;,&quot;properties&quot;:&quot;{}&quot;},&quot;validator&quot;:{&quot;className&quot;:&quot;org.joget.apps.form.lib.DefaultValidator&quot;,&quot;properties&quot;:{&quot;mandatory&quot;:&quot;true&quot;,&quot;type&quot;:&quot;&quot;}},&quot;value&quot;:&quot;&quot;,&quot;label&quot;:&quot;Status&quot;,&quot;readonly&quot;:&quot;&quot;,&quot;multiple&quot;:&quot;&quot;,&quot;options&quot;:[{&quot;value&quot;:&quot;Verified&quot;,&quot;label&quot;:&quot;Verified&quot;},{&quot;value&quot;:&quot;Finance Rejected&quot;,&quot;label&quot;:&quot;Rejected&quot;}],&quot;size&quot;:&quot;&quot;}},{&quot;className&quot;:&quot;org.joget.apps.form.lib.TextArea&quot;,&quot;properties&quot;:{&quot;id&quot;:&quot;finance_comments&quot;,&quot;cols&quot;:&quot;40&quot;,&quot;validator&quot;:{&quot;className&quot;:&quot;&quot;,&quot;properties&quot;:&quot;{}&quot;},&quot;value&quot;:&quot;&quot;,&quot;label&quot;:&quot;Finance Comments&quot;,&quot;readonly&quot;:&quot;&quot;,&quot;rows&quot;:&quot;8&quot;}}],&quot;className&quot;:&quot;org.joget.apps.form.model.Column&quot;,&quot;properties&quot;:{&quot;width&quot;:&quot;99%&quot;}}],&quot;className&quot;:&quot;org.joget.apps.form.model.Section&quot;,&quot;properties&quot;:{&quot;id&quot;:&quot;section2&quot;,&quot;loadBinder&quot;:{&quot;className&quot;:&quot;&quot;,&quot;properties&quot;:&quot;{}&quot;},&quot;visibilityControl&quot;:&quot;&quot;,&quot;visibilityValue&quot;:&quot;&quot;,&quot;storeBinder&quot;:{&quot;className&quot;:&quot;&quot;,&quot;properties&quot;:&quot;{}&quot;},&quot;label&quot;:&quot;Verification&quot;}}]}</json>
         <dateCreated class="java.sql.Timestamp">2015-05-19 23:15:24.0 GMT</dateCreated>
         <dateModified class="java.sql.Timestamp">2015-05-19 23:15:24.0 GMT</dateModified>
      </formDefinition>
      <formDefinition>
         <id>hr_expense_new</id>
         <appId>hr_expense</appId>
         <appVersion>1</appVersion>
         <name>HR Expense New Claim Form</name>
         <tableName>hr_expense_claim</tableName>
         <json>{&quot;className&quot;:&quot;org.joget.apps.form.model.Form&quot;,&quot;properties&quot;:{&quot;id&quot;:&quot;hr_expense_new&quot;,&quot;loadBinder&quot;:{&quot;className&quot;:&quot;org.joget.apps.form.lib.WorkflowFormBinder&quot;},&quot;tableName&quot;:&quot;hr_expense_claim&quot;,&quot;name&quot;:&quot;HR Expense New Claim Form&quot;,&quot;storeBinder&quot;:{&quot;className&quot;:&quot;org.joget.apps.form.lib.WorkflowFormBinder&quot;}},&quot;elements&quot;:[{&quot;elements&quot;:[{&quot;elements&quot;:[{&quot;className&quot;:&quot;org.joget.apps.form.lib.IdGeneratorField&quot;,&quot;properties&quot;:{&quot;id&quot;:&quot;ref&quot;,&quot;workflowVariable&quot;:&quot;&quot;,&quot;label&quot;:&quot;Ref&quot;,&quot;format&quot;:&quot;REF-??????&quot;,&quot;envVariable&quot;:&quot;counter&quot;}},{&quot;className&quot;:&quot;org.joget.apps.form.lib.TextField&quot;,&quot;properties&quot;:{&quot;id&quot;:&quot;title&quot;,&quot;workflowVariable&quot;:&quot;&quot;,&quot;maxlength&quot;:&quot;&quot;,&quot;validator&quot;:{&quot;className&quot;:&quot;org.joget.apps.form.lib.DefaultValidator&quot;,&quot;properties&quot;:{&quot;mandatory&quot;:&quot;true&quot;,&quot;type&quot;:&quot;&quot;}},&quot;value&quot;:&quot;&quot;,&quot;label&quot;:&quot;Title&quot;,&quot;readonly&quot;:&quot;&quot;,&quot;size&quot;:&quot;&quot;}},{&quot;className&quot;:&quot;org.joget.apps.form.lib.TextField&quot;,&quot;properties&quot;:{&quot;id&quot;:&quot;remark&quot;,&quot;workflowVariable&quot;:&quot;&quot;,&quot;readonlyLabel&quot;:&quot;&quot;,&quot;maxlength&quot;:&quot;&quot;,&quot;encryption&quot;:&quot;&quot;,&quot;validator&quot;:{&quot;className&quot;:&quot;&quot;,&quot;properties&quot;:{}},&quot;value&quot;:&quot;&quot;,&quot;label&quot;:&quot;Remark&quot;,&quot;readonly&quot;:&quot;&quot;,&quot;size&quot;:&quot;&quot;}},{&quot;className&quot;:&quot;org.joget.apps.form.lib.TextField&quot;,&quot;properties&quot;:{&quot;id&quot;:&quot;claimant&quot;,&quot;workflowVariable&quot;:&quot;&quot;,&quot;maxlength&quot;:&quot;&quot;,&quot;validator&quot;:{&quot;className&quot;:&quot;&quot;,&quot;properties&quot;:&quot;{}&quot;},&quot;value&quot;:&quot;#currentUser.firstName# #currentUser.lastName#&quot;,&quot;label&quot;:&quot;Submitted By&quot;,&quot;readonly&quot;:&quot;true&quot;,&quot;size&quot;:&quot;&quot;}},{&quot;className&quot;:&quot;org.joget.apps.form.lib.CustomHTML&quot;,&quot;properties&quot;:{&quot;id&quot;:&quot;customhtml&quot;,&quot;validator&quot;:{&quot;className&quot;:&quot;&quot;,&quot;properties&quot;:&quot;{}&quot;},&quot;value&quot;:&quot;&lt;p&gt;Note: The title should appear in this format, example, Jan 06&lt;\/p&gt;&quot;,&quot;label&quot;:&quot;&quot;}},{&quot;className&quot;:&quot;org.joget.apps.form.lib.HiddenField&quot;,&quot;properties&quot;:{&quot;id&quot;:&quot;username&quot;,&quot;workflowVariable&quot;:&quot;&quot;,&quot;value&quot;:&quot;#currentUser.username#&quot;}},{&quot;className&quot;:&quot;org.joget.apps.form.lib.HiddenField&quot;,&quot;properties&quot;:{&quot;id&quot;:&quot;status&quot;,&quot;workflowVariable&quot;:&quot;&quot;,&quot;value&quot;:&quot;New&quot;}}],&quot;className&quot;:&quot;org.joget.apps.form.model.Column&quot;,&quot;properties&quot;:{&quot;width&quot;:&quot;100%&quot;}}],&quot;className&quot;:&quot;org.joget.apps.form.model.Section&quot;,&quot;properties&quot;:{&quot;id&quot;:&quot;section1&quot;,&quot;loadBinder&quot;:{&quot;className&quot;:&quot;&quot;,&quot;properties&quot;:{}},&quot;visibilityControl&quot;:&quot;&quot;,&quot;visibilityValue&quot;:&quot;&quot;,&quot;storeBinder&quot;:{&quot;className&quot;:&quot;&quot;,&quot;properties&quot;:{}},&quot;label&quot;:&quot;Expense Claim Details&quot;}}]}</json>
         <dateCreated class="java.sql.Timestamp">2015-05-19 23:15:24.0 GMT</dateCreated>
         <dateModified class="java.sql.Timestamp">2015-05-19 23:15:24.0 GMT</dateModified>
      </formDefinition>
      <formDefinition>
         <id>hr_expense_resubmit</id>
         <appId>hr_expense</appId>
         <appVersion>1</appVersion>
         <name>HR Expense Claim Resubmission</name>
         <tableName>hr_expense_claim</tableName>
         <json>{&quot;className&quot;:&quot;org.joget.apps.form.model.Form&quot;,&quot;properties&quot;:{&quot;id&quot;:&quot;hr_expense_resubmit&quot;,&quot;loadBinder&quot;:{&quot;className&quot;:&quot;org.joget.apps.form.lib.WorkflowFormBinder&quot;},&quot;tableName&quot;:&quot;hr_expense_claim&quot;,&quot;name&quot;:&quot;HR Expense Claim Resubmission&quot;,&quot;storeBinder&quot;:{&quot;className&quot;:&quot;org.joget.apps.form.lib.WorkflowFormBinder&quot;}},&quot;elements&quot;:[{&quot;elements&quot;:[{&quot;elements&quot;:[{&quot;className&quot;:&quot;org.joget.apps.form.lib.SubForm&quot;,&quot;properties&quot;:{&quot;id&quot;:&quot;resubmit&quot;,&quot;formDefId&quot;:&quot;hr_expense_claim&quot;,&quot;loadBinder&quot;:{&quot;className&quot;:&quot;org.joget.apps.form.lib.WorkflowFormBinder&quot;,&quot;properties&quot;:&quot;{}&quot;},&quot;subFormParentId&quot;:&quot;&quot;,&quot;storeBinder&quot;:{&quot;className&quot;:&quot;org.joget.apps.form.lib.WorkflowFormBinder&quot;,&quot;properties&quot;:&quot;{}&quot;},&quot;label&quot;:&quot;&quot;,&quot;parentSubFormId&quot;:&quot;&quot;,&quot;readonly&quot;:&quot;&quot;}}],&quot;className&quot;:&quot;org.joget.apps.form.model.Column&quot;,&quot;properties&quot;:{&quot;width&quot;:&quot;99%&quot;}}],&quot;className&quot;:&quot;org.joget.apps.form.model.Section&quot;,&quot;properties&quot;:{&quot;id&quot;:&quot;section2&quot;,&quot;label&quot;:&quot;&quot;,&quot;loadBinder&quot;:{&quot;className&quot;:&quot;&quot;,&quot;properties&quot;:{}},&quot;storeBinder&quot;:{&quot;className&quot;:&quot;&quot;,&quot;properties&quot;:{}},&quot;visibilityControl&quot;:&quot;&quot;,&quot;visibilityValue&quot;:&quot;&quot;}},{&quot;elements&quot;:[{&quot;elements&quot;:[{&quot;className&quot;:&quot;org.joget.apps.form.lib.Grid&quot;,&quot;properties&quot;:{&quot;id&quot;:&quot;approval_comments&quot;,&quot;loadBinder&quot;:{&quot;className&quot;:&quot;org.joget.plugin.enterprise.MultirowFormBinder&quot;,&quot;properties&quot;:{&quot;formDefId&quot;:&quot;hr_expenses_approval_entry&quot;,&quot;foreignKey&quot;:&quot;claim&quot;}},&quot;storeBinder&quot;:{&quot;className&quot;:&quot;&quot;,&quot;properties&quot;:&quot;{}&quot;},&quot;label&quot;:&quot;&quot;,&quot;readonly&quot;:&quot;true&quot;,&quot;options&quot;:[{&quot;value&quot;:&quot;approver&quot;,&quot;label&quot;:&quot;Approver&quot;},{&quot;value&quot;:&quot;comment&quot;,&quot;label&quot;:&quot;Comment&quot;},{&quot;value&quot;:&quot;dateCreated&quot;,&quot;label&quot;:&quot;Date&quot;}]}}],&quot;className&quot;:&quot;org.joget.apps.form.model.Column&quot;,&quot;properties&quot;:{&quot;width&quot;:&quot;99%&quot;}}],&quot;className&quot;:&quot;org.joget.apps.form.model.Section&quot;,&quot;properties&quot;:{&quot;id&quot;:&quot;section2&quot;,&quot;loadBinder&quot;:{&quot;className&quot;:&quot;&quot;,&quot;properties&quot;:&quot;{}&quot;},&quot;visibilityControl&quot;:&quot;&quot;,&quot;visibilityValue&quot;:&quot;&quot;,&quot;storeBinder&quot;:{&quot;className&quot;:&quot;&quot;,&quot;properties&quot;:&quot;{}&quot;},&quot;label&quot;:&quot;Approval Comment(s)&quot;}}]}</json>
         <dateCreated class="java.sql.Timestamp">2015-05-19 23:15:24.0 GMT</dateCreated>
         <dateModified class="java.sql.Timestamp">2015-05-19 23:15:24.0 GMT</dateModified>
      </formDefinition>
  </formDefinitionList>
   <userviewDefinitionList>
      <userviewDefinition>
         <id>hr_expense_userview</id>
         <appId>hr_expense</appId>
         <appVersion>1</appVersion>
         <name>HR Expenses Claim App</name>
         <description>Please submit all your claims and expenses using this app no later than the 21st of each month</description>
         <json>{&quot;className&quot;:&quot;org.joget.apps.userview.model.Userview&quot;,&quot;properties&quot;:{&quot;id&quot;:&quot;hr_expense_userview&quot;,&quot;name&quot;:&quot;HR Expenses Claim App&quot;,&quot;description&quot;:&quot;&quot;,&quot;welcomeMessage&quot;:&quot;#date.EEE, d MMM yyyy#&quot;,&quot;logoutText&quot;:&quot;Logout&quot;,&quot;footerMessage&quot;:&quot;Powered by Joget&quot;},&quot;setting&quot;:{&quot;properties&quot;:{&quot;theme&quot;:{&quot;className&quot;:&quot;org.joget.plugin.enterprise.CorporatiTheme&quot;,&quot;properties&quot;:{&quot;colorScheme&quot;:&quot;silver&quot;,&quot;cssUrl&quot;:&quot;&quot;,&quot;css&quot;:&quot;&quot;,&quot;js&quot;:&quot;&quot;,&quot;collapsibleMenu&quot;:&quot;&quot;,&quot;customHeader&quot;:&quot;&quot;,&quot;customBanner&quot;:&quot;&quot;}},&quot;mobileViewDisabled&quot;:&quot;&quot;,&quot;userviewDescription&quot;:&quot;Please submit all your claims and expenses using this app no later than the 21st of each month&quot;,&quot;permission&quot;:{&quot;className&quot;:&quot;&quot;,&quot;properties&quot;:{}},&quot;loginPageTop&quot;:&quot;&quot;,&quot;loginPageBottom&quot;:&quot;&quot;,&quot;mobileCacheEnabled&quot;:&quot;&quot;,&quot;mobileLoginRequired&quot;:&quot;&quot;,&quot;mobileViewBackgroundUrl&quot;:&quot;&quot;,&quot;mobileViewBackgroundColor&quot;:&quot;&quot;,&quot;mobileViewBackgroundStyle&quot;:&quot;repeat&quot;,&quot;mobileViewTranslucent&quot;:&quot;true&quot;,&quot;mobileViewLogoUrl&quot;:&quot;&quot;,&quot;mobileViewLogoWidth&quot;:&quot;&quot;,&quot;mobileViewLogoHeight&quot;:&quot;&quot;,&quot;mobileViewLogoAlign&quot;:&quot;left&quot;,&quot;mobileViewCustomCss&quot;:&quot;&quot;}},&quot;categories&quot;:[{&quot;className&quot;:&quot;org.joget.apps.userview.model.UserviewCategory&quot;,&quot;properties&quot;:{&quot;id&quot;:&quot;category-C0E19762E8EA43E5A24B48CB1184C7FA&quot;,&quot;label&quot;:&quot;Main&quot;},&quot;menus&quot;:[{&quot;className&quot;:&quot;org.joget.apps.userview.lib.HtmlPage&quot;,&quot;properties&quot;:{&quot;id&quot;:&quot;982F8EC8C44043519AF0762BDDDC47B1&quot;,&quot;customId&quot;:&quot;home&quot;,&quot;label&quot;:&quot;Welcome&quot;,&quot;content&quot;:&quot;&lt;div&gt;\n&lt;p&gt;&lt;strong&gt;&lt;span&gt;Welcome to MyCompanyName&lt;\/span&gt;&lt;\/strong&gt;&lt;\/p&gt;\n&lt;p&gt;This is a HR Expenses Claim app that will allow users to make expenses claims that goes through an approval cycle.&lt;\/p&gt;\n&lt;\/div&gt;\n&lt;div id=\&quot;welcome-body\&quot;&gt;\n&lt;div&gt;&lt;img src=\&quot;http:\/\/www.joget.org\/wp-content\/uploads\/2012\/02\/hr_expense-app.jpg\&quot; alt=\&quot;\&quot; width=\&quot;600\&quot; height=\&quot;287\&quot; \/&gt;&lt;\/div&gt;\n&lt;\/div&gt;\n&lt;div&gt;\n&lt;p&gt;In this app, the Claimant can submit a New Expenses Claim. The claim will be routed to the Manager for approval followed by Finance.&lt;\/p&gt;\n&lt;p&gt;You will need to login before you can use the system.&lt;\/p&gt;\n&lt;p&gt;Participants in this process:&lt;\/p&gt;\n&lt;ul&gt;\n&lt;li&gt;cat (Claimant)&lt;\/li&gt;\n&lt;li&gt;clark (Manager)&lt;\/li&gt;\n&lt;li&gt;admin (Finance)&lt;\/li&gt;\n&lt;\/ul&gt;\n&lt;p&gt;LOGIN with \&quot;cat\&quot; to start the Expenses Claim Process.&lt;\/p&gt;\n&lt;p&gt;&amp;nbsp;&lt;\/p&gt;\n&lt;\/div&gt;&quot;}}]},{&quot;className&quot;:&quot;org.joget.apps.userview.model.UserviewCategory&quot;,&quot;properties&quot;:{&quot;id&quot;:&quot;category-36229EE7504B4413B491C0B6A25A973C&quot;,&quot;label&quot;:&quot;New Claim&quot;,&quot;hide&quot;:&quot;&quot;,&quot;permission&quot;:{&quot;className&quot;:&quot;org.joget.apps.userview.lib.LoggedInUserPermission&quot;,&quot;properties&quot;:{}}},&quot;menus&quot;:[{&quot;className&quot;:&quot;org.joget.apps.userview.lib.RunProcess&quot;,&quot;properties&quot;:{&quot;id&quot;:&quot;E43B1F0FE5094C7E808197F460A89C32&quot;,&quot;customId&quot;:&quot;new_claim&quot;,&quot;label&quot;:&quot;New Expenses Claim&quot;,&quot;processDefId&quot;:&quot;process1&quot;,&quot;runProcessDirectly&quot;:&quot;Yes&quot;,&quot;showInPopupDialog&quot;:&quot;&quot;,&quot;messageShowAfterComplete&quot;:&quot;Your expenses claim added.&quot;,&quot;redirectUrlAfterComplete&quot;:&quot;draft&quot;,&quot;keyName&quot;:&quot;&quot;}}]},{&quot;className&quot;:&quot;org.joget.apps.userview.model.UserviewCategory&quot;,&quot;properties&quot;:{&quot;id&quot;:&quot;category-D62FA2A3376D4AB5B827BA57DB24B07A&quot;,&quot;label&quot;:&quot;Personal Expenses&quot;,&quot;hide&quot;:&quot;&quot;,&quot;permission&quot;:{&quot;className&quot;:&quot;org.joget.apps.userview.lib.LoggedInUserPermission&quot;,&quot;properties&quot;:{}}},&quot;menus&quot;:[{&quot;className&quot;:&quot;org.joget.plugin.enterprise.DataListInboxMenu&quot;,&quot;properties&quot;:{&quot;id&quot;:&quot;5C43A5E8964143819280EADC413A1E24&quot;,&quot;customId&quot;:&quot;resubmit&quot;,&quot;label&quot;:&quot;Resubmission&quot;,&quot;datalistId&quot;:&quot;hr_expense_resubmit&quot;,&quot;appFilter&quot;:&quot;activity&quot;,&quot;processId&quot;:&quot;process1&quot;,&quot;activityDefId&quot;:&quot;resubmit&quot;,&quot;rowCount&quot;:&quot;true&quot;,&quot;showDetail&quot;:&quot;&quot;,&quot;list-customHeader&quot;:&quot;&quot;,&quot;list-customFooter&quot;:&quot;&quot;,&quot;assignment-customHeader&quot;:&quot;&quot;,&quot;assignment-customFooter&quot;:&quot;&quot;,&quot;keyName&quot;:&quot;&quot;}},{&quot;className&quot;:&quot;org.joget.plugin.enterprise.DataListInboxMenu&quot;,&quot;properties&quot;:{&quot;id&quot;:&quot;CDA93E76489F400DA51DA8FD4ABF2A9B&quot;,&quot;customId&quot;:&quot;draft&quot;,&quot;label&quot;:&quot;Draft&quot;,&quot;datalistId&quot;:&quot;hr_expense_draft&quot;,&quot;appFilter&quot;:&quot;activity&quot;,&quot;processId&quot;:&quot;process1&quot;,&quot;activityDefId&quot;:&quot;new_claim&quot;,&quot;rowCount&quot;:&quot;true&quot;,&quot;showDetail&quot;:&quot;&quot;,&quot;list-customHeader&quot;:&quot;&quot;,&quot;list-customFooter&quot;:&quot;&quot;,&quot;assignment-customHeader&quot;:&quot;&quot;,&quot;assignment-customFooter&quot;:&quot;&quot;,&quot;keyName&quot;:&quot;&quot;}},{&quot;className&quot;:&quot;org.joget.plugin.enterprise.CrudMenu&quot;,&quot;properties&quot;:{&quot;id&quot;:&quot;75631E9B45DB4A41B53990DA89D8FAA3&quot;,&quot;customId&quot;:&quot;submitted&quot;,&quot;label&quot;:&quot;Submitted&quot;,&quot;datalistId&quot;:&quot;hr_expenses_submitted&quot;,&quot;addFormId&quot;:&quot;&quot;,&quot;editFormId&quot;:&quot;hr_expense_claim&quot;,&quot;rowCount&quot;:&quot;true&quot;,&quot;buttonPosition&quot;:&quot;bottomLeft&quot;,&quot;checkboxPosition&quot;:&quot;left&quot;,&quot;list-editLinkLabel&quot;:&quot;View&quot;,&quot;list-newButtonLabel&quot;:&quot;&quot;,&quot;list-deleteButtonLabel&quot;:&quot;&quot;,&quot;list-showDeleteButton&quot;:&quot;&quot;,&quot;list-customHeader&quot;:&quot;&quot;,&quot;list-customFooter&quot;:&quot;&quot;,&quot;list-moreActions&quot;:[],&quot;add-cancelButtonLabel&quot;:&quot;&quot;,&quot;add-saveButtonLabel&quot;:&quot;&quot;,&quot;add-customHeader&quot;:&quot;&quot;,&quot;add-customFooter&quot;:&quot;&quot;,&quot;add-messageShowAfterComplete&quot;:&quot;&quot;,&quot;add-afterSaved&quot;:&quot;list&quot;,&quot;add-afterSavedRedirectUrl&quot;:&quot;&quot;,&quot;add-afterSavedRedirectParamName&quot;:&quot;&quot;,&quot;add-afterSavedRedirectParamvalue&quot;:&quot;&quot;,&quot;edit-readonly&quot;:&quot;yes&quot;,&quot;edit-backButtonLabel&quot;:&quot;&quot;,&quot;edit-saveButtonLabel&quot;:&quot;&quot;,&quot;edit-allowRecordTraveling&quot;:&quot;&quot;,&quot;edit-firstButtonLabel&quot;:&quot;&quot;,&quot;edit-prevButtonLabel&quot;:&quot;&quot;,&quot;edit-nextButtonLabel&quot;:&quot;&quot;,&quot;edit-lastButtonLabel&quot;:&quot;&quot;,&quot;edit-customHeader&quot;:&quot;&quot;,&quot;edit-customFooter&quot;:&quot;&quot;,&quot;edit-messageShowAfterComplete&quot;:&quot;&quot;,&quot;edit-afterSaved&quot;:&quot;list&quot;,&quot;edit-afterSavedRedirectUrl&quot;:&quot;&quot;,&quot;edit-afterSavedRedirectParamName&quot;:&quot;&quot;,&quot;edit-afterSavedRedirectParamvalue&quot;:&quot;&quot;,&quot;edit-moreActions&quot;:[],&quot;keyName&quot;:&quot;&quot;}},{&quot;className&quot;:&quot;org.joget.plugin.enterprise.CrudMenu&quot;,&quot;properties&quot;:{&quot;id&quot;:&quot;D83AC226AF0942A38871615635486253&quot;,&quot;customId&quot;:&quot;approved&quot;,&quot;label&quot;:&quot;Approved&quot;,&quot;datalistId&quot;:&quot;hr_expenses_approved&quot;,&quot;addFormId&quot;:&quot;&quot;,&quot;editFormId&quot;:&quot;hr_expense_resubmit&quot;,&quot;rowCount&quot;:&quot;true&quot;,&quot;buttonPosition&quot;:&quot;bottomLeft&quot;,&quot;checkboxPosition&quot;:&quot;left&quot;,&quot;list-editLinkLabel&quot;:&quot;View&quot;,&quot;list-newButtonLabel&quot;:&quot;&quot;,&quot;list-deleteButtonLabel&quot;:&quot;&quot;,&quot;list-showDeleteButton&quot;:&quot;&quot;,&quot;list-customHeader&quot;:&quot;&quot;,&quot;list-customFooter&quot;:&quot;&quot;,&quot;list-moreActions&quot;:[],&quot;add-cancelButtonLabel&quot;:&quot;&quot;,&quot;add-saveButtonLabel&quot;:&quot;&quot;,&quot;add-customHeader&quot;:&quot;&quot;,&quot;add-customFooter&quot;:&quot;&quot;,&quot;add-messageShowAfterComplete&quot;:&quot;&quot;,&quot;add-afterSaved&quot;:&quot;list&quot;,&quot;add-afterSavedRedirectUrl&quot;:&quot;&quot;,&quot;add-afterSavedRedirectParamName&quot;:&quot;&quot;,&quot;add-afterSavedRedirectParamvalue&quot;:&quot;&quot;,&quot;edit-readonly&quot;:&quot;yes&quot;,&quot;edit-backButtonLabel&quot;:&quot;&quot;,&quot;edit-saveButtonLabel&quot;:&quot;&quot;,&quot;edit-allowRecordTraveling&quot;:&quot;&quot;,&quot;edit-firstButtonLabel&quot;:&quot;&quot;,&quot;edit-prevButtonLabel&quot;:&quot;&quot;,&quot;edit-nextButtonLabel&quot;:&quot;&quot;,&quot;edit-lastButtonLabel&quot;:&quot;&quot;,&quot;edit-customHeader&quot;:&quot;&quot;,&quot;edit-customFooter&quot;:&quot;&quot;,&quot;edit-messageShowAfterComplete&quot;:&quot;&quot;,&quot;edit-afterSaved&quot;:&quot;list&quot;,&quot;edit-afterSavedRedirectUrl&quot;:&quot;&quot;,&quot;edit-afterSavedRedirectParamName&quot;:&quot;&quot;,&quot;edit-afterSavedRedirectParamvalue&quot;:&quot;&quot;,&quot;edit-moreActions&quot;:[],&quot;keyName&quot;:&quot;&quot;}},{&quot;className&quot;:&quot;org.joget.plugin.enterprise.CrudMenu&quot;,&quot;properties&quot;:{&quot;id&quot;:&quot;029A00A017D343628FC97587B8877E70&quot;,&quot;customId&quot;:&quot;rejected&quot;,&quot;label&quot;:&quot;Rejected&quot;,&quot;datalistId&quot;:&quot;hr_expenses_rejected&quot;,&quot;addFormId&quot;:&quot;&quot;,&quot;editFormId&quot;:&quot;hr_expenses_approval_detail&quot;,&quot;rowCount&quot;:&quot;true&quot;,&quot;buttonPosition&quot;:&quot;bottomLeft&quot;,&quot;checkboxPosition&quot;:&quot;left&quot;,&quot;list-editLinkLabel&quot;:&quot;View&quot;,&quot;list-newButtonLabel&quot;:&quot;&quot;,&quot;list-deleteButtonLabel&quot;:&quot;&quot;,&quot;list-showDeleteButton&quot;:&quot;&quot;,&quot;list-customHeader&quot;:&quot;&quot;,&quot;list-customFooter&quot;:&quot;&quot;,&quot;list-moreActions&quot;:[],&quot;add-cancelButtonLabel&quot;:&quot;&quot;,&quot;add-saveButtonLabel&quot;:&quot;&quot;,&quot;add-customHeader&quot;:&quot;&quot;,&quot;add-customFooter&quot;:&quot;&quot;,&quot;add-messageShowAfterComplete&quot;:&quot;&quot;,&quot;add-afterSaved&quot;:&quot;list&quot;,&quot;add-afterSavedRedirectUrl&quot;:&quot;&quot;,&quot;add-afterSavedRedirectParamName&quot;:&quot;&quot;,&quot;add-afterSavedRedirectParamvalue&quot;:&quot;&quot;,&quot;edit-readonly&quot;:&quot;yes&quot;,&quot;edit-backButtonLabel&quot;:&quot;&quot;,&quot;edit-saveButtonLabel&quot;:&quot;&quot;,&quot;edit-allowRecordTraveling&quot;:&quot;&quot;,&quot;edit-firstButtonLabel&quot;:&quot;&quot;,&quot;edit-prevButtonLabel&quot;:&quot;&quot;,&quot;edit-nextButtonLabel&quot;:&quot;&quot;,&quot;edit-lastButtonLabel&quot;:&quot;&quot;,&quot;edit-customHeader&quot;:&quot;&quot;,&quot;edit-customFooter&quot;:&quot;&quot;,&quot;edit-messageShowAfterComplete&quot;:&quot;&quot;,&quot;edit-afterSaved&quot;:&quot;list&quot;,&quot;edit-afterSavedRedirectUrl&quot;:&quot;&quot;,&quot;edit-afterSavedRedirectParamName&quot;:&quot;&quot;,&quot;edit-afterSavedRedirectParamvalue&quot;:&quot;&quot;,&quot;edit-moreActions&quot;:[],&quot;keyName&quot;:&quot;&quot;}},{&quot;className&quot;:&quot;org.joget.plugin.enterprise.CrudMenu&quot;,&quot;properties&quot;:{&quot;id&quot;:&quot;69E90E0E603A4FD9B44EF9E701E11413&quot;,&quot;customId&quot;:&quot;closed&quot;,&quot;label&quot;:&quot;Closed&quot;,&quot;datalistId&quot;:&quot;hr_expenses_closed&quot;,&quot;addFormId&quot;:&quot;&quot;,&quot;editFormId&quot;:&quot;hr_expenses_approval_detail&quot;,&quot;rowCount&quot;:&quot;true&quot;,&quot;buttonPosition&quot;:&quot;bottomLeft&quot;,&quot;checkboxPosition&quot;:&quot;left&quot;,&quot;list-editLinkLabel&quot;:&quot;View&quot;,&quot;list-newButtonLabel&quot;:&quot;&quot;,&quot;list-deleteButtonLabel&quot;:&quot;&quot;,&quot;list-showDeleteButton&quot;:&quot;&quot;,&quot;list-customHeader&quot;:&quot;&quot;,&quot;list-customFooter&quot;:&quot;&quot;,&quot;list-moreActions&quot;:[],&quot;add-cancelButtonLabel&quot;:&quot;&quot;,&quot;add-saveButtonLabel&quot;:&quot;&quot;,&quot;add-customHeader&quot;:&quot;&quot;,&quot;add-customFooter&quot;:&quot;&quot;,&quot;add-messageShowAfterComplete&quot;:&quot;&quot;,&quot;add-afterSaved&quot;:&quot;list&quot;,&quot;add-afterSavedRedirectUrl&quot;:&quot;&quot;,&quot;add-afterSavedRedirectParamName&quot;:&quot;&quot;,&quot;add-afterSavedRedirectParamvalue&quot;:&quot;&quot;,&quot;edit-readonly&quot;:&quot;yes&quot;,&quot;edit-backButtonLabel&quot;:&quot;&quot;,&quot;edit-saveButtonLabel&quot;:&quot;&quot;,&quot;edit-allowRecordTraveling&quot;:&quot;&quot;,&quot;edit-firstButtonLabel&quot;:&quot;&quot;,&quot;edit-prevButtonLabel&quot;:&quot;&quot;,&quot;edit-nextButtonLabel&quot;:&quot;&quot;,&quot;edit-lastButtonLabel&quot;:&quot;&quot;,&quot;edit-customHeader&quot;:&quot;&quot;,&quot;edit-customFooter&quot;:&quot;&quot;,&quot;edit-messageShowAfterComplete&quot;:&quot;&quot;,&quot;edit-afterSaved&quot;:&quot;list&quot;,&quot;edit-afterSavedRedirectUrl&quot;:&quot;&quot;,&quot;edit-afterSavedRedirectParamName&quot;:&quot;&quot;,&quot;edit-afterSavedRedirectParamvalue&quot;:&quot;&quot;,&quot;edit-moreActions&quot;:[],&quot;keyName&quot;:&quot;&quot;}}]},{&quot;className&quot;:&quot;org.joget.apps.userview.model.UserviewCategory&quot;,&quot;properties&quot;:{&quot;id&quot;:&quot;category-C38AC98F3B144C5893891D41D5803FC9&quot;,&quot;label&quot;:&quot;Approver Task List&quot;,&quot;hide&quot;:&quot;&quot;,&quot;permission&quot;:{&quot;className&quot;:&quot;org.joget.apps.userview.lib.LoggedInUserPermission&quot;,&quot;properties&quot;:{}}},&quot;menus&quot;:[{&quot;className&quot;:&quot;org.joget.plugin.enterprise.DataListInboxMenu&quot;,&quot;properties&quot;:{&quot;id&quot;:&quot;09AF19D0E3F14019BFBE5AD5BB41E2E6&quot;,&quot;customId&quot;:&quot;inbox&quot;,&quot;label&quot;:&quot;Approver Inbox&quot;,&quot;datalistId&quot;:&quot;hr_expense_list&quot;,&quot;appFilter&quot;:&quot;activity&quot;,&quot;processId&quot;:&quot;process1&quot;,&quot;activityDefId&quot;:&quot;approve_claim&quot;,&quot;rowCount&quot;:&quot;true&quot;,&quot;list-customHeader&quot;:&quot;&quot;,&quot;list-customFooter&quot;:&quot;&quot;,&quot;assignment-customHeader&quot;:&quot;&quot;,&quot;assignment-customFooter&quot;:&quot;&quot;}}]},{&quot;className&quot;:&quot;org.joget.apps.userview.model.UserviewCategory&quot;,&quot;properties&quot;:{&quot;id&quot;:&quot;category-B104E29437A44152958C4A59A8581D1F&quot;,&quot;label&quot;:&quot;Finance Department&quot;,&quot;hide&quot;:&quot;&quot;,&quot;permission&quot;:{&quot;className&quot;:&quot;org.joget.plugin.enterprise.AdminUserviewPermission&quot;,&quot;properties&quot;:{}}},&quot;menus&quot;:[{&quot;className&quot;:&quot;org.joget.plugin.enterprise.DataListInboxMenu&quot;,&quot;properties&quot;:{&quot;id&quot;:&quot;2C6656A448B34BB6A26F7CCAD0AFCE00&quot;,&quot;customId&quot;:&quot;finance&quot;,&quot;label&quot;:&quot;Claims Listing&quot;,&quot;datalistId&quot;:&quot;hr_expense_list&quot;,&quot;appFilter&quot;:&quot;activity&quot;,&quot;processId&quot;:&quot;process1&quot;,&quot;activityDefId&quot;:&quot;verify_claim&quot;,&quot;rowCount&quot;:&quot;true&quot;,&quot;list-customHeader&quot;:&quot;&quot;,&quot;list-customFooter&quot;:&quot;&quot;,&quot;assignment-customHeader&quot;:&quot;&quot;,&quot;assignment-customFooter&quot;:&quot;&quot;}},{&quot;className&quot;:&quot;org.joget.plugin.enterprise.CrudMenu&quot;,&quot;properties&quot;:{&quot;id&quot;:&quot;7BF1DCB4AB9349B18388E97765030DEE&quot;,&quot;customId&quot;:&quot;finance_all&quot;,&quot;label&quot;:&quot;Closed Expenses&quot;,&quot;datalistId&quot;:&quot;hr_expenses_finance&quot;,&quot;addFormId&quot;:&quot;&quot;,&quot;editFormId&quot;:&quot;hr_expenses_approval_detail&quot;,&quot;rowCount&quot;:&quot;&quot;,&quot;buttonPosition&quot;:&quot;bottomLeft&quot;,&quot;selectionType&quot;:&quot;multiple&quot;,&quot;checkboxPosition&quot;:&quot;left&quot;,&quot;list-editLinkLabel&quot;:&quot;View&quot;,&quot;list-newButtonLabel&quot;:&quot;&quot;,&quot;list-deleteButtonLabel&quot;:&quot;&quot;,&quot;list-showDeleteButton&quot;:&quot;&quot;,&quot;list-customHeader&quot;:&quot;&quot;,&quot;list-customFooter&quot;:&quot;&quot;,&quot;list-moreActions&quot;:[],&quot;add-cancelButtonLabel&quot;:&quot;&quot;,&quot;add-saveButtonLabel&quot;:&quot;&quot;,&quot;add-customHeader&quot;:&quot;&quot;,&quot;add-customFooter&quot;:&quot;&quot;,&quot;add-messageShowAfterComplete&quot;:&quot;&quot;,&quot;add-afterSaved&quot;:&quot;list&quot;,&quot;add-afterSavedRedirectUrl&quot;:&quot;&quot;,&quot;add-afterSavedRedirectParamName&quot;:&quot;&quot;,&quot;add-afterSavedRedirectParamvalue&quot;:&quot;&quot;,&quot;edit-readonly&quot;:&quot;yes&quot;,&quot;edit-readonlyLabel&quot;:&quot;&quot;,&quot;edit-backButtonLabel&quot;:&quot;&quot;,&quot;edit-saveButtonLabel&quot;:&quot;&quot;,&quot;edit-allowRecordTraveling&quot;:&quot;&quot;,&quot;edit-firstButtonLabel&quot;:&quot;&quot;,&quot;edit-prevButtonLabel&quot;:&quot;&quot;,&quot;edit-nextButtonLabel&quot;:&quot;&quot;,&quot;edit-lastButtonLabel&quot;:&quot;&quot;,&quot;edit-customHeader&quot;:&quot;&quot;,&quot;edit-customFooter&quot;:&quot;&quot;,&quot;edit-messageShowAfterComplete&quot;:&quot;&quot;,&quot;edit-afterSaved&quot;:&quot;list&quot;,&quot;edit-afterSavedRedirectUrl&quot;:&quot;&quot;,&quot;edit-afterSavedRedirectParamName&quot;:&quot;&quot;,&quot;edit-afterSavedRedirectParamvalue&quot;:&quot;&quot;,&quot;edit-moreActions&quot;:[],&quot;keyName&quot;:&quot;&quot;}}]}]}</json>
         <dateCreated class="java.sql.Timestamp">2015-05-19 23:15:24.0 GMT</dateCreated>
         <dateModified class="java.sql.Timestamp">2015-05-20 07:36:43.0 GMT</dateModified>
      </userviewDefinition>
   </userviewDefinitionList>
   <datalistDefinitionList>
      <datalistDefinition>
         <id>hr_expenses_approved</id>
         <appId>hr_expense</appId>
         <appVersion>1</appVersion>
         <name>HR Expenses Claim Approved List</name>
         <description>HR Expenses Claim Approved List</description>
         <json>{&quot;id&quot;:&quot;hr_expenses_approved&quot;,&quot;name&quot;:&quot;HR Expenses Claim Approved List&quot;,&quot;pageSize&quot;:&quot;10&quot;,&quot;order&quot;:&quot;2&quot;,&quot;orderBy&quot;:&quot;dateCreated&quot;,&quot;binder&quot;:{&quot;className&quot;:&quot;org.joget.plugin.enterprise.AdvancedFormRowDataListBinder&quot;,&quot;properties&quot;:{&quot;formDefId&quot;:&quot;hr_expense_approval&quot;,&quot;filters&quot;:[{&quot;join&quot;:&quot;AND&quot;,&quot;field&quot;:&quot;status&quot;,&quot;operator&quot;:&quot;=&quot;,&quot;value&quot;:&quot;Approved&quot;},{&quot;join&quot;:&quot;AND&quot;,&quot;field&quot;:&quot;username&quot;,&quot;operator&quot;:&quot;=&quot;,&quot;value&quot;:&quot;#currentUser.username#&quot;}],&quot;extraCondition&quot;:&quot;&quot;}},&quot;columns&quot;:[{&quot;id&quot;:&quot;column_0&quot;,&quot;label&quot;:&quot;Title&quot;,&quot;name&quot;:&quot;title&quot;},{&quot;id&quot;:&quot;column_1&quot;,&quot;label&quot;:&quot;Ref&quot;,&quot;name&quot;:&quot;ref&quot;},{&quot;id&quot;:&quot;column_2&quot;,&quot;name&quot;:&quot;total&quot;,&quot;label&quot;:&quot;Total&quot;,&quot;sortable&quot;:&quot;false&quot;,&quot;action&quot;:{&quot;className&quot;:&quot;&quot;,&quot;properties&quot;:{}},&quot;format&quot;:{&quot;className&quot;:&quot;&quot;,&quot;properties&quot;:{}}},{&quot;id&quot;:&quot;column_4&quot;,&quot;name&quot;:&quot;last_approval_record&quot;,&quot;label&quot;:&quot;Approver&quot;,&quot;sortable&quot;:&quot;false&quot;,&quot;action&quot;:{&quot;className&quot;:&quot;&quot;,&quot;properties&quot;:{}},&quot;format&quot;:{&quot;className&quot;:&quot;org.joget.apps.datalist.lib.DefaultFormatter&quot;,&quot;properties&quot;:{&quot;formatting&quot;:&quot;&quot;,&quot;size&quot;:&quot;&quot;,&quot;color&quot;:&quot;&quot;,&quot;formDefId&quot;:&quot;hr_expenses_approval_entry&quot;,&quot;field&quot;:&quot;approver&quot;}}},{&quot;id&quot;:&quot;column_3&quot;,&quot;label&quot;:&quot;Date Created&quot;,&quot;name&quot;:&quot;dateCreated&quot;}],&quot;rowActions&quot;:[],&quot;actions&quot;:[],&quot;filters&quot;:[]}</json>
         <dateCreated class="java.sql.Timestamp">2015-05-19 23:15:24.0 GMT</dateCreated>
         <dateModified class="java.sql.Timestamp">2015-05-19 23:15:24.0 GMT</dateModified>
      </datalistDefinition>
      <datalistDefinition>
         <id>hr_expenses_closed</id>
         <appId>hr_expense</appId>
         <appVersion>1</appVersion>
         <name>HR Expenses Claim Closed List</name>
         <description>HR Expenses Claim Closed List</description>
         <json>{&quot;id&quot;:&quot;hr_expenses_closed&quot;,&quot;name&quot;:&quot;HR Expenses Claim Closed List&quot;,&quot;pageSize&quot;:&quot;10&quot;,&quot;order&quot;:&quot;2&quot;,&quot;orderBy&quot;:&quot;dateCreated&quot;,&quot;showPageSizeSelector&quot;:&quot;true&quot;,&quot;pageSizeSelectorOptions&quot;:&quot;10,20,30,40,50,100&quot;,&quot;buttonPosition&quot;:&quot;bottomLeft&quot;,&quot;checkboxPosition&quot;:&quot;left&quot;,&quot;useSession&quot;:&quot;false&quot;,&quot;rowActions&quot;:[],&quot;actions&quot;:[],&quot;filters&quot;:[],&quot;binder&quot;:{&quot;className&quot;:&quot;org.joget.plugin.enterprise.AdvancedFormRowDataListBinder&quot;,&quot;properties&quot;:{&quot;formDefId&quot;:&quot;hr_expense_approval&quot;,&quot;filters&quot;:[{&quot;join&quot;:&quot;AND&quot;,&quot;field&quot;:&quot;status&quot;,&quot;operator&quot;:&quot;=&quot;,&quot;value&quot;:&quot;Verified&quot;},{&quot;join&quot;:&quot;AND&quot;,&quot;field&quot;:&quot;username&quot;,&quot;operator&quot;:&quot;=&quot;,&quot;value&quot;:&quot;#currentUser.username#&quot;}],&quot;extraCondition&quot;:&quot;&quot;}},&quot;columns&quot;:[{&quot;id&quot;:&quot;column_0&quot;,&quot;label&quot;:&quot;Title&quot;,&quot;name&quot;:&quot;title&quot;},{&quot;id&quot;:&quot;column_1&quot;,&quot;label&quot;:&quot;Ref&quot;,&quot;name&quot;:&quot;ref&quot;},{&quot;id&quot;:&quot;column_4&quot;,&quot;name&quot;:&quot;last_approval_record&quot;,&quot;label&quot;:&quot;Approver&quot;,&quot;sortable&quot;:&quot;false&quot;,&quot;action&quot;:{&quot;className&quot;:&quot;&quot;,&quot;properties&quot;:{}},&quot;format&quot;:{&quot;className&quot;:&quot;org.joget.apps.datalist.lib.DefaultFormatter&quot;,&quot;properties&quot;:{&quot;formatting&quot;:&quot;&quot;,&quot;size&quot;:&quot;&quot;,&quot;color&quot;:&quot;&quot;,&quot;formDefId&quot;:&quot;hr_expenses_approval_entry&quot;,&quot;field&quot;:&quot;approver&quot;}}},{&quot;id&quot;:&quot;column_2&quot;,&quot;name&quot;:&quot;total&quot;,&quot;label&quot;:&quot;Total&quot;,&quot;sortable&quot;:&quot;false&quot;,&quot;action&quot;:{&quot;className&quot;:&quot;&quot;,&quot;properties&quot;:{}},&quot;format&quot;:{&quot;className&quot;:&quot;&quot;,&quot;properties&quot;:{}}},{&quot;id&quot;:&quot;column_3&quot;,&quot;label&quot;:&quot;Date Created&quot;,&quot;name&quot;:&quot;dateCreated&quot;}]}</json>
         <dateCreated class="java.sql.Timestamp">2015-05-19 23:15:24.0 GMT</dateCreated>
         <dateModified class="java.sql.Timestamp">2015-05-19 23:15:24.0 GMT</dateModified>
      </datalistDefinition>
      <datalistDefinition>
         <id>hr_expenses_finance</id>
         <appId>hr_expense</appId>
         <appVersion>1</appVersion>
         <name>HR Expenses Claim Finance List</name>
         <description>HR Expenses Claim Finance List</description>
         <json>{&quot;id&quot;:&quot;hr_expenses_finance&quot;,&quot;name&quot;:&quot;HR Expenses Claim Finance List&quot;,&quot;pageSize&quot;:10,&quot;order&quot;:&quot;&quot;,&quot;orderBy&quot;:&quot;&quot;,&quot;showPageSizeSelector&quot;:&quot;true&quot;,&quot;pageSizeSelectorOptions&quot;:&quot;10,20,30,40,50,100&quot;,&quot;buttonPosition&quot;:&quot;bottomLeft&quot;,&quot;checkboxPosition&quot;:&quot;left&quot;,&quot;useSession&quot;:&quot;false&quot;,&quot;actions&quot;:[],&quot;rowActions&quot;:[],&quot;filters&quot;:[],&quot;binder&quot;:{&quot;className&quot;:&quot;org.joget.plugin.enterprise.AdvancedFormRowDataListBinder&quot;,&quot;properties&quot;:{&quot;formDefId&quot;:&quot;hr_expense_finance&quot;,&quot;filters&quot;:[{&quot;join&quot;:&quot;AND&quot;,&quot;field&quot;:&quot;status&quot;,&quot;operator&quot;:&quot;IN&quot;,&quot;value&quot;:&quot;Verified;Finance Rejected&quot;}],&quot;extraCondition&quot;:&quot;&quot;}},&quot;columns&quot;:[{&quot;id&quot;:&quot;column_0&quot;,&quot;label&quot;:&quot;Title&quot;,&quot;name&quot;:&quot;title&quot;},{&quot;id&quot;:&quot;column_1&quot;,&quot;label&quot;:&quot;Ref&quot;,&quot;name&quot;:&quot;ref&quot;},{&quot;id&quot;:&quot;column_3&quot;,&quot;label&quot;:&quot;Submitted By&quot;,&quot;name&quot;:&quot;claimant&quot;},{&quot;id&quot;:&quot;column_2&quot;,&quot;label&quot;:&quot;Total Amount&quot;,&quot;name&quot;:&quot;total&quot;},{&quot;id&quot;:&quot;column_4&quot;,&quot;label&quot;:&quot;Date Created&quot;,&quot;name&quot;:&quot;dateCreated&quot;},{&quot;id&quot;:&quot;column_5&quot;,&quot;name&quot;:&quot;status&quot;,&quot;label&quot;:&quot;Status&quot;,&quot;sortable&quot;:&quot;false&quot;,&quot;action&quot;:{&quot;className&quot;:&quot;&quot;,&quot;properties&quot;:{}},&quot;format&quot;:{&quot;className&quot;:&quot;&quot;,&quot;properties&quot;:{}}}]}</json>
         <dateCreated class="java.sql.Timestamp">2015-05-19 23:15:24.0 GMT</dateCreated>
         <dateModified class="java.sql.Timestamp">2015-05-19 23:15:24.0 GMT</dateModified>
      </datalistDefinition>
      <datalistDefinition>
         <id>hr_expenses_rejected</id>
         <appId>hr_expense</appId>
         <appVersion>1</appVersion>
         <name>HR Expenses Claim Rejected List</name>
         <description>HR Expenses Claim Rejected List</description>
         <json>{&quot;id&quot;:&quot;hr_expenses_rejected&quot;,&quot;name&quot;:&quot;HR Expenses Claim Rejected List&quot;,&quot;pageSize&quot;:10,&quot;order&quot;:&quot;&quot;,&quot;orderBy&quot;:&quot;&quot;,&quot;showPageSizeSelector&quot;:&quot;true&quot;,&quot;pageSizeSelectorOptions&quot;:&quot;10,20,30,40,50,100&quot;,&quot;buttonPosition&quot;:&quot;bottomLeft&quot;,&quot;checkboxPosition&quot;:&quot;left&quot;,&quot;useSession&quot;:&quot;false&quot;,&quot;actions&quot;:[],&quot;rowActions&quot;:[],&quot;filters&quot;:[],&quot;binder&quot;:{&quot;className&quot;:&quot;org.joget.plugin.enterprise.AdvancedFormRowDataListBinder&quot;,&quot;properties&quot;:{&quot;formDefId&quot;:&quot;hr_expense_approval&quot;,&quot;filters&quot;:[{&quot;join&quot;:&quot;AND&quot;,&quot;field&quot;:&quot;status&quot;,&quot;operator&quot;:&quot;IN&quot;,&quot;value&quot;:&quot;Rejected;Finance Rejected&quot;},{&quot;join&quot;:&quot;AND&quot;,&quot;field&quot;:&quot;username&quot;,&quot;operator&quot;:&quot;=&quot;,&quot;value&quot;:&quot;#currentUser.username#&quot;}],&quot;extraCondition&quot;:&quot;&quot;}},&quot;columns&quot;:[{&quot;id&quot;:&quot;column_0&quot;,&quot;label&quot;:&quot;Title&quot;,&quot;name&quot;:&quot;title&quot;},{&quot;id&quot;:&quot;column_1&quot;,&quot;label&quot;:&quot;Ref&quot;,&quot;name&quot;:&quot;ref&quot;},{&quot;id&quot;:&quot;column_2&quot;,&quot;name&quot;:&quot;total&quot;,&quot;label&quot;:&quot;Total&quot;,&quot;sortable&quot;:&quot;false&quot;,&quot;action&quot;:{&quot;className&quot;:&quot;&quot;,&quot;properties&quot;:{}},&quot;format&quot;:{&quot;className&quot;:&quot;&quot;,&quot;properties&quot;:{}}},{&quot;id&quot;:&quot;column_3&quot;,&quot;label&quot;:&quot;Date Created&quot;,&quot;name&quot;:&quot;dateCreated&quot;}]}</json>
         <dateCreated class="java.sql.Timestamp">2015-05-19 23:15:24.0 GMT</dateCreated>
         <dateModified class="java.sql.Timestamp">2015-05-19 23:15:24.0 GMT</dateModified>
      </datalistDefinition>
      <datalistDefinition>
         <id>hr_expenses_submitted</id>
         <appId>hr_expense</appId>
         <appVersion>1</appVersion>
         <name>HR Expenses Claim Submitted List</name>
         <description>HR Expenses Claim Submitted List</description>
         <json>{&quot;id&quot;:&quot;hr_expenses_submitted&quot;,&quot;name&quot;:&quot;HR Expenses Claim Submitted List&quot;,&quot;pageSize&quot;:10,&quot;order&quot;:&quot;&quot;,&quot;orderBy&quot;:&quot;&quot;,&quot;showPageSizeSelector&quot;:&quot;true&quot;,&quot;pageSizeSelectorOptions&quot;:&quot;10,20,30,40,50,100&quot;,&quot;buttonPosition&quot;:&quot;bottomLeft&quot;,&quot;checkboxPosition&quot;:&quot;left&quot;,&quot;useSession&quot;:&quot;false&quot;,&quot;actions&quot;:[],&quot;rowActions&quot;:[],&quot;filters&quot;:[],&quot;binder&quot;:{&quot;className&quot;:&quot;org.joget.plugin.enterprise.AdvancedFormRowDataListBinder&quot;,&quot;properties&quot;:{&quot;formDefId&quot;:&quot;hr_expense_claim&quot;,&quot;filters&quot;:[{&quot;join&quot;:&quot;AND&quot;,&quot;field&quot;:&quot;status&quot;,&quot;operator&quot;:&quot;=&quot;,&quot;value&quot;:&quot;Submitted&quot;},{&quot;join&quot;:&quot;AND&quot;,&quot;field&quot;:&quot;username&quot;,&quot;operator&quot;:&quot;=&quot;,&quot;value&quot;:&quot;#currentUser.username#&quot;}],&quot;extraCondition&quot;:&quot;&quot;}},&quot;columns&quot;:[{&quot;id&quot;:&quot;column_1&quot;,&quot;label&quot;:&quot;Title&quot;,&quot;name&quot;:&quot;title&quot;},{&quot;id&quot;:&quot;column_0&quot;,&quot;label&quot;:&quot;Ref&quot;,&quot;name&quot;:&quot;ref&quot;},{&quot;id&quot;:&quot;column_2&quot;,&quot;name&quot;:&quot;total&quot;,&quot;label&quot;:&quot;Total&quot;,&quot;sortable&quot;:&quot;false&quot;,&quot;action&quot;:{&quot;className&quot;:&quot;&quot;,&quot;properties&quot;:{}},&quot;format&quot;:{&quot;className&quot;:&quot;&quot;,&quot;properties&quot;:{}}},{&quot;id&quot;:&quot;column_3&quot;,&quot;label&quot;:&quot;Date Created&quot;,&quot;name&quot;:&quot;dateCreated&quot;}]}</json>
         <dateCreated class="java.sql.Timestamp">2015-05-19 23:15:24.0 GMT</dateCreated>
         <dateModified class="java.sql.Timestamp">2015-05-19 23:15:24.0 GMT</dateModified>
      </datalistDefinition>
      <datalistDefinition>
         <id>hr_expense_draft</id>
         <appId>hr_expense</appId>
         <appVersion>1</appVersion>
         <name>HR Expenses Claim Draft List</name>
         <description>HR Expenses Claim Draft List</description>
         <json>{&quot;id&quot;:&quot;hr_expense_draft&quot;,&quot;name&quot;:&quot;HR Expenses Claim Draft List&quot;,&quot;pageSize&quot;:&quot;10&quot;,&quot;order&quot;:&quot;2&quot;,&quot;orderBy&quot;:&quot;dateCreated&quot;,&quot;binder&quot;:{&quot;className&quot;:&quot;org.joget.plugin.enterprise.AdvancedFormRowDataListBinder&quot;,&quot;properties&quot;:{&quot;formDefId&quot;:&quot;hr_expense_claim&quot;,&quot;filters&quot;:[{&quot;join&quot;:&quot;AND&quot;,&quot;field&quot;:&quot;status&quot;,&quot;operator&quot;:&quot;=&quot;,&quot;value&quot;:&quot;New&quot;},{&quot;join&quot;:&quot;AND&quot;,&quot;field&quot;:&quot;username&quot;,&quot;operator&quot;:&quot;=&quot;,&quot;value&quot;:&quot;#currentUser.username#&quot;}],&quot;extraCondition&quot;:&quot;&quot;}},&quot;columns&quot;:[{&quot;id&quot;:&quot;column_0&quot;,&quot;label&quot;:&quot;Title&quot;,&quot;name&quot;:&quot;title&quot;},{&quot;id&quot;:&quot;column_1&quot;,&quot;label&quot;:&quot;Ref&quot;,&quot;name&quot;:&quot;ref&quot;},{&quot;id&quot;:&quot;column_2&quot;,&quot;name&quot;:&quot;total&quot;,&quot;label&quot;:&quot;Total&quot;,&quot;sortable&quot;:&quot;false&quot;,&quot;action&quot;:{&quot;className&quot;:&quot;&quot;,&quot;properties&quot;:{}},&quot;format&quot;:{&quot;className&quot;:&quot;&quot;,&quot;properties&quot;:{}}},{&quot;id&quot;:&quot;column_3&quot;,&quot;name&quot;:&quot;dateCreated&quot;,&quot;label&quot;:&quot;Date Created&quot;,&quot;sortable&quot;:&quot;false&quot;,&quot;action&quot;:{&quot;className&quot;:&quot;&quot;,&quot;properties&quot;:{}},&quot;format&quot;:{&quot;className&quot;:&quot;&quot;,&quot;properties&quot;:{}}}],&quot;rowActions&quot;:[],&quot;actions&quot;:[],&quot;filters&quot;:[]}</json>
         <dateCreated class="java.sql.Timestamp">2015-05-19 23:15:24.0 GMT</dateCreated>
         <dateModified class="java.sql.Timestamp">2015-05-19 23:15:24.0 GMT</dateModified>
      </datalistDefinition>
      <datalistDefinition>
         <id>hr_expense_list</id>
         <appId>hr_expense</appId>
         <appVersion>1</appVersion>
         <name>Expense Claim List</name>
         <json>{&quot;id&quot;:&quot;hr_expense_list&quot;,&quot;name&quot;:&quot;Expense Claim List&quot;,&quot;pageSize&quot;:&quot;10&quot;,&quot;order&quot;:&quot;2&quot;,&quot;orderBy&quot;:&quot;dateCreated&quot;,&quot;showPageSizeSelector&quot;:&quot;true&quot;,&quot;pageSizeSelectorOptions&quot;:&quot;10,20,30,40,50,100&quot;,&quot;buttonPosition&quot;:&quot;bottomLeft&quot;,&quot;checkboxPosition&quot;:&quot;left&quot;,&quot;useSession&quot;:&quot;false&quot;,&quot;rowActions&quot;:[],&quot;actions&quot;:[],&quot;filters&quot;:[{&quot;id&quot;:&quot;filter_0&quot;,&quot;name&quot;:&quot;claimant&quot;,&quot;label&quot;:&quot;Submitted By&quot;}],&quot;binder&quot;:{&quot;className&quot;:&quot;org.joget.apps.datalist.lib.FormRowDataListBinder&quot;,&quot;properties&quot;:{&quot;formDefId&quot;:&quot;hr_expense_claim&quot;,&quot;extraCondition&quot;:&quot;&quot;}},&quot;columns&quot;:[{&quot;id&quot;:&quot;column_2&quot;,&quot;name&quot;:&quot;title&quot;,&quot;label&quot;:&quot;Title&quot;,&quot;sortable&quot;:&quot;false&quot;,&quot;action&quot;:{&quot;className&quot;:&quot;&quot;,&quot;properties&quot;:{}},&quot;format&quot;:{&quot;className&quot;:&quot;&quot;,&quot;properties&quot;:{}}},{&quot;id&quot;:&quot;column_0&quot;,&quot;name&quot;:&quot;ref&quot;,&quot;label&quot;:&quot;Ref&quot;,&quot;sortable&quot;:&quot;false&quot;,&quot;action&quot;:{&quot;className&quot;:&quot;&quot;,&quot;properties&quot;:{}},&quot;format&quot;:{&quot;className&quot;:&quot;&quot;,&quot;properties&quot;:{}}},{&quot;id&quot;:&quot;column_3&quot;,&quot;label&quot;:&quot;Submitted By&quot;,&quot;name&quot;:&quot;claimant&quot;},{&quot;id&quot;:&quot;column_4&quot;,&quot;label&quot;:&quot;Total&quot;,&quot;name&quot;:&quot;total&quot;},{&quot;id&quot;:&quot;column_1&quot;,&quot;label&quot;:&quot;Date Created&quot;,&quot;name&quot;:&quot;dateCreated&quot;},{&quot;id&quot;:&quot;column_5&quot;,&quot;label&quot;:&quot;Remark&quot;,&quot;displayLabel&quot;:&quot;Remark&quot;,&quot;name&quot;:&quot;remark&quot;}]}</json>
         <dateCreated class="java.sql.Timestamp">2015-05-19 23:15:24.0 GMT</dateCreated>
         <dateModified class="java.sql.Timestamp">2015-05-19 23:15:24.0 GMT</dateModified>
      </datalistDefinition>
      <datalistDefinition>
         <id>hr_expense_resubmit</id>
         <appId>hr_expense</appId>
         <appVersion>1</appVersion>
         <name>HR Expenses Claim Resubmit List</name>
         <json>{&quot;id&quot;:&quot;hr_expense_resubmit&quot;,&quot;name&quot;:&quot;HR Expenses Claim Resubmit List&quot;,&quot;pageSize&quot;:10,&quot;order&quot;:&quot;&quot;,&quot;orderBy&quot;:&quot;&quot;,&quot;showPageSizeSelector&quot;:&quot;true&quot;,&quot;pageSizeSelectorOptions&quot;:&quot;10,20,30,40,50,100&quot;,&quot;buttonPosition&quot;:&quot;bottomLeft&quot;,&quot;checkboxPosition&quot;:&quot;left&quot;,&quot;useSession&quot;:&quot;false&quot;,&quot;actions&quot;:[],&quot;rowActions&quot;:[],&quot;filters&quot;:[],&quot;binder&quot;:{&quot;className&quot;:&quot;org.joget.plugin.enterprise.AdvancedFormRowDataListBinder&quot;,&quot;properties&quot;:{&quot;formDefId&quot;:&quot;hr_expense_approval&quot;,&quot;filters&quot;:[{&quot;join&quot;:&quot;AND&quot;,&quot;field&quot;:&quot;status&quot;,&quot;operator&quot;:&quot;=&quot;,&quot;value&quot;:&quot;Resubmit&quot;},{&quot;join&quot;:&quot;OR&quot;,&quot;field&quot;:&quot;status&quot;,&quot;operator&quot;:&quot;=&quot;,&quot;value&quot;:&quot;New&quot;}],&quot;extraCondition&quot;:&quot;&quot;}},&quot;columns&quot;:[{&quot;id&quot;:&quot;column_0&quot;,&quot;label&quot;:&quot;Title&quot;,&quot;name&quot;:&quot;title&quot;},{&quot;id&quot;:&quot;column_1&quot;,&quot;label&quot;:&quot;Ref&quot;,&quot;name&quot;:&quot;ref&quot;},{&quot;id&quot;:&quot;column_3&quot;,&quot;name&quot;:&quot;total&quot;,&quot;label&quot;:&quot;Total&quot;,&quot;sortable&quot;:&quot;false&quot;,&quot;action&quot;:{&quot;className&quot;:&quot;&quot;,&quot;properties&quot;:{}},&quot;format&quot;:{&quot;className&quot;:&quot;&quot;,&quot;properties&quot;:{}}},{&quot;id&quot;:&quot;column_4&quot;,&quot;label&quot;:&quot;Date Created&quot;,&quot;name&quot;:&quot;dateCreated&quot;}]}</json>
         <dateCreated class="java.sql.Timestamp">2015-05-19 23:15:24.0 GMT</dateCreated>
         <dateModified class="java.sql.Timestamp">2015-05-20 07:40:33.0 GMT</dateModified>
      </datalistDefinition>
   </datalistDefinitionList>
   <pluginDefaultPropertiesList/>
   <environmentVariableList>
      <environmentVariable>
         <id>counter</id>
         <appId>hr_expense</appId>
         <appVersion>1</appVersion>
         <value>11</value>
         <remarks>Used for plugin: Id Generator Field</remarks>
      </environmentVariable>
   </environmentVariableList>
   <messageList/>   <license>cggLRcAgu9fsi9+Evtai7+EX+Fx2lx0tRzfPsTbAfbQCrT5RWUgR7w==</license>
   <!--description>Initial version of the HR Expenses Claim App</description-->
</appDefinition>